player,forehand_winner_per,backhand_winner_per,forehand_unforced_error_per,backhand_unforced_error_per,net_per,net_point_direct_win_per,net_point_winning_per,net_point_error_per,passing_per,winner_per,err_per,pts_won_Ite_3_shots_per,shots_in_pts_won_per,shots_in_pts_lost_per,shots_in_won_vs_lost_ratio,inside_in_per,inside_out_per,Counter Puncher,Attacking Baseliner,All-Court Player,Solid Baseliner
Aaron Krickstein,4.99,3.69,7.72,8.9,9.03,31.96,5.21,42.65,12.25,25.51,28.176666666666662,25.73,43.51,56.49,0.78,2.1,8.72,0.0003703907459426983,99.99533404253155,0.0042891205970029996,6.4461254554551495e-06
Adam Pavlasek,10.28,3.74,7.48,6.54,29.91,33.33,19.63,50.0,25.0,29.69,31.78,30.82,60.0,40.0,1.5,2.15,12.37,3.4033577606048675e-07,8.876977861036025,3.998631391589464e-06,91.12301779999673
Adrian Mannarino,4.95,3.48,9.87,7.11,11.77,46.86,7.72,53.49,11.81,24.208,33.81099999999999,34.81,52.36,47.64,1.16,0.48,5.45,9.043304051872064e-05,99.90519203174371,0.09470405017960659,1.3485036091669249e-05
Adriano Panatta,8.19,5.17,9.05,7.76,46.98,34.0,21.55,50.46,6.0,33.0,34.48,24.89,40.0,60.0,0.67,0.0,6.03,1.0019366387706606e-09,0.00011987551391606236,8.597095477917177e-11,99.99988012339828
Agustin Calleri,10.8,6.82,11.36,15.91,27.84,60.71,15.91,53.06,0.0,43.75,44.89,21.24,38.64,61.36,0.63,1.23,11.55,0.00012992377997558357,99.56911784636915,0.3369168527995142,0.09383537705149907
Agustin Velotti,3.74,2.8,5.61,2.8,4.67,50.0,3.74,20.0,0.0,16.67,21.5,27.76,59.89,40.11,1.49,2.94,11.18,0.009861076442103326,99.99010014377457,3.603564945445147e-05,2.7441337640950907e-06
Albert Montanes,8.76,3.22,13.17,6.27,4.15,83.33,2.92,35.56,18.8,36.11,31.23333333333333,22.22,37.83,62.17,0.63,5.75,12.52,0.43589848030229794,99.56409977185754,1.6774264022529042e-06,7.041379710545987e-08
Albert Ramos,8.93,2.26,11.59,7.72,7.88,64.81,5.16,37.24,1.78,26.775,33.98,36.33,49.9,50.1,1.04,1.45,9.09,0.07433600059472131,99.92541488080148,0.0002487972545525328,3.2134919408366345e-07
Alberto Berasategui,11.4,3.95,19.3,9.21,9.65,56.25,7.02,50.0,14.81,33.98,39.04,15.02,44.88,55.12,0.81,5.03,23.89,99.455405628038,0.5445904390646854,3.931330247453616e-06,1.5668898870016906e-09
Alejandro Falla,5.45,3.25,8.29,7.47,12.59,40.08,6.92,55.51,12.3,23.74333333333333,34.78333333333333,40.77,45.04,54.96,0.82,0.54,9.64,6.77866463852753e-06,99.90782383725148,0.09216169447460397,7.689609265137033e-06
Aleksandre Metreveli,7.95,2.27,8.52,10.23,17.61,50.0,11.36,58.06,15.38,30.67,31.25,37.16,46.61,53.39,0.87,4.63,5.79,2.7057972537665954e-06,99.97742927284769,0.019784380606279333,0.002783640748633695
Alex Corretja,6.6,5.38,7.35,9.15,11.12,62.01,6.99,41.51,13.4,29.08833333333333,29.421666666666667,27.9,49.76,50.24,1.04,2.07,9.99,2.3099892507414674e-05,99.97443717123046,0.025528517109661284,1.1211767394834855e-05
Alex De Minaur,6.22,2.65,9.13,8.0,12.9,56.86,9.15,46.61,9.53,21.135,31.265833333333333,25.62,49.7,50.3,1.0,0.83,10.66,0.0007252638644108545,99.99581054068287,0.0032175337247105753,0.00024666172803726374
Alex Kuznetsov,11.01,2.75,19.27,8.26,14.68,77.78,8.26,50.0,0.0,40.43,42.2,36.72,39.62,60.38,0.66,0.65,11.11,88.94416102430593,11.055683338604261,0.00015497657646803843,6.605132027531981e-07
Alex Molcan,6.28,3.18,9.41,6.82,14.01,46.66,9.56,50.26,5.17,29.15,30.8,34.4,40.68,59.32,0.7,0.89,7.58,0.0018878475516136775,99.99024064815075,0.007476238658583588,0.00039526563908796756
Alexander Bublik,7.02,3.54,5.87,6.91,17.46,44.79,11.23,44.38,16.77,38.236,29.671,40.66,50.19,49.81,1.05,0.48,3.62,2.3501228978362113e-08,99.98388466231671,0.00041920095481992234,0.015696113227282097
Alexander Vasilenko,4.26,3.19,6.38,7.45,7.45,25.0,4.26,57.14,0.0,21.62,25.53,37.64,42.94,57.06,0.75,0.56,10.61,0.00012969621778730295,87.75924069813476,12.240628985553856,6.200935706431746e-07
Alexander Volkov,2.38,1.79,9.52,7.74,21.43,27.78,10.71,72.22,2.78,21.43,35.71,40.44,42.45,57.55,0.74,0.79,7.11,1.7643878456026173e-05,77.1197602825508,22.872752368708397,0.007469704862226628
Alexander Zverev,6.27,4.31,8.82,7.69,11.51,60.24,7.14,46.57,11.05,30.73666666666667,33.62592592592593,37.03,46.9,53.1,0.94,0.79,9.53,2.685488154766045e-05,99.97152125644726,0.028446179039192047,5.709632072290702e-06
Alexandr Dolgopolov,9.34,5.41,8.12,9.6,9.01,71.59,6.56,34.57,19.24,38.173125000000006,33.79375,39.39,51.88,48.12,1.15,0.76,10.33,2.401047470272388e-06,99.99858145781259,0.0014155772810035881,5.63859000832182e-07
Alexandre Penaud,6.9,4.31,13.79,9.48,4.31,50.0,3.45,40.0,0.0,25.0,29.31,18.38,40.4,59.6,0.68,0.68,12.16,94.06972017036426,5.928835946045618,0.0014438800657118958,3.5244972967419287e-09
Alexei Popyrin,7.34,3.58,10.7,8.1,16.88,59.22,9.77,43.09,14.52,29.245000000000005,33.56,43.76,45.0,55.0,0.84,3.12,11.85,0.007301252880874968,99.98993533913858,0.0024313285440089624,0.00033207943651522305
Aljaz Bedene,6.92,1.89,10.32,7.82,6.36,52.3,4.18,37.14,6.62,26.61777777777778,33.95722222222222,34.18,46.11,53.89,0.88,2.37,12.84,0.006294416897769871,99.99349766232724,0.0002077876425685752,1.3313244722594698e-07
Andre Agassi,6.88,4.79,6.55,7.1,8.93,55.84,6.26,45.77,12.27,28.68312499999999,32.06350000000002,36.81,53.89,46.11,1.24,1.38,7.97,3.835686810667589e-07,99.97197684888019,0.028021921335875923,8.46215238102733e-07
Andreas Seppi,6.81,3.16,8.97,9.72,6.93,72.08,4.49,39.03,9.01,27.007142857142856,31.26928571428571,34.9,45.84,54.16,0.9,1.14,10.22,0.0004914363431490528,99.98907885214476,0.01042947564245937,2.3586969191720642e-07
Andrei Chesnokov,6.37,4.74,4.66,7.34,14.43,47.14,9.82,49.93,10.17,23.646666666666665,27.64333333333333,29.21,53.41,46.59,1.17,0.13,9.12,2.4746010908549743e-07,99.90987001537991,0.08926421323473446,0.0008655239253023464
Andrei Medvedev,8.2,4.83,9.18,8.42,15.7,55.92,10.71,47.66,13.79,30.108000000000004,33.338,17.91,52.22,47.78,1.21,0.77,7.03,4.7221040007764206e-05,99.99702370937415,0.001258305842092064,0.0016707637437523818
Andrei Pavel,5.17,7.61,5.84,7.42,15.04,43.0,11.5,38.64,5.82,34.295,30.07,41.03,53.6,46.4,1.18,0.8,8.94,6.936422920232211e-06,99.3505317423722,0.6492801142287085,0.00018120697623506216
Andrey Golubev,11.18,3.29,8.55,11.18,4.61,75.0,2.63,42.86,66.67,38.16,30.26,40.76,50.51,49.49,1.02,1.91,16.56,5.488194141975554e-09,99.99998562875977,1.4282970999207392e-05,8.278110256637631e-08
Andrey Kuznetsov,8.18,6.16,8.0,6.01,7.68,68.75,5.69,41.36,25.1,34.555,29.18,36.37,56.2,43.8,1.46,1.15,9.2,7.474302058973446e-06,99.99160820863874,0.008383543226146066,7.738330105170356e-07
Andrey Rublev,7.24,3.25,7.91,6.03,8.28,52.28,5.34,47.35,7.48,28.417500000000004,28.615,37.62,50.7,49.3,1.11,2.29,13.96,0.00011647594769880744,99.95946943652608,0.04041303133310776,1.056193202173206e-06
Andy Murray,6.72,4.61,7.57,7.81,10.27,58.16,7.12,41.09,12.1,30.14253968253969,32.086587301587315,29.99,51.31,48.69,1.13,0.62,8.99,6.293497868114814e-06,99.99605964094063,0.003926639022566944,7.426538944182346e-06
Andy Roddick,6.18,2.61,7.25,6.2,17.61,43.12,10.02,48.51,11.6,33.038000000000004,31.820499999999992,40.07,44.26,55.74,0.83,2.04,12.24,2.408248048032515e-06,99.99429684157496,0.0018417025740030699,0.0038590476029604684
Arthur Rinderknech,7.09,1.42,7.8,7.09,21.28,31.82,15.6,46.67,12.0,27.69,36.88,44.3,53.81,46.19,1.16,0.44,9.78,1.4255878504028956e-06,99.81248218804745,0.0001652102275660989,0.18735117613704047
Aslan Karatsev,7.6,3.78,8.7,6.89,7.95,67.64,6.18,42.98,26.2,29.13,35.925,40.82,58.4,41.6,1.4,1.19,8.98,2.8080486467235664e-07,99.99930963654137,0.0006897706322347011,3.1202149595889565e-07
Benoit Paire,7.4,6.86,10.73,10.5,14.55,57.95,9.85,39.27,12.48,39.83214285714286,34.13428571428571,35.5,46.1,53.9,0.9,0.27,8.22,0.002789391838676171,99.93653765353281,0.060629731026810754,4.3223601772544375e-05
Bernard Tomic,7.9,3.4,8.36,7.8,6.24,64.15,4.47,39.02,12.09,34.49416666666667,33.282916666666665,40.72,48.63,51.37,1.02,0.88,13.1,1.0323753182626266e-05,99.99731084064587,0.0026787558577491223,7.974318942307103e-08
Bjorn Borg,8.12,7.22,6.44,6.47,24.68,46.21,16.07,39.43,14.55,32.60818181818182,27.64454545454545,31.18,56.94,43.06,1.38,0.83,7.33,3.83293371146363e-05,94.4007223257101,0.002230554384511289,5.597008790568301
Blaz Kavcic,4.4,2.2,5.49,8.79,2.2,0.0,1.1,50.0,10.0,21.21,27.47,34.23,45.88,54.12,0.85,0.0,9.27,4.028673507582787e-06,99.87790987895673,0.12208607719930366,1.5170413679780722e-08
Boris Becker,8.07,6.1,4.36,6.26,38.74,30.95,25.84,29.77,10.14,38.24795918367349,30.27510204081632,40.32,54.19,45.81,1.24,0.66,10.79,1.0360119588502845e-10,0.0027006117090509025,3.830691928125968e-10,99.99729938780426
Borna Coric,5.93,3.16,9.88,8.73,10.33,60.02,6.66,42.38,8.05,25.898461538461543,34.32846153846154,36.83,48.95,51.05,1.04,0.91,10.54,0.0010405446231247354,99.97789847404113,0.02105874400671154,2.237328989504658e-06
Brayden Schnur,7.27,3.77,6.76,7.41,12.4,59.51,8.07,47.36,10.78,34.565,29.79,45.62,50.31,49.69,1.04,1.52,18.48,2.0300509670494087e-06,99.60606744387258,0.39391463639631685,1.588968023803891e-05
Brian Teacher,11.11,5.8,2.42,3.86,50.24,24.68,37.2,26.92,6.73,33.93,28.02,33.78,58.17,41.83,1.39,0.0,7.32,6.196077884850108e-17,1.3900271154864685e-09,1.0925600497255537e-19,99.99999999860982
Cameron Norrie,7.87,2.23,12.52,6.89,12.68,69.69,7.02,42.57,9.5,29.556,34.148,38.57,43.82,56.18,0.83,0.44,10.12,0.09801306853773732,99.90161966412374,0.00033968745587861863,2.757988258611273e-05
Carlos Alcaraz,8.57,3.47,9.06,7.33,13.34,51.73,10.2,46.53,18.55,27.115,35.435,37.07,56.08,43.92,1.29,2.19,9.02,9.56879162306074e-06,99.99945078972313,0.00048294500408681436,5.669648105601086e-05
Carlos Berlocq,6.78,3.62,4.64,7.38,10.87,51.0,7.33,39.18,9.76,24.47,29.4225,26.34,51.68,48.32,1.19,1.62,14.52,7.905773142677583e-07,99.99846840997812,0.001490630989094735,4.0168455498030406e-05
Carlos Costa,4.97,2.76,7.73,11.6,16.57,37.5,8.84,53.33,7.69,21.79,34.81,28.56,43.26,56.74,0.76,0.88,9.09,1.0122670210409942e-05,99.83914267819617,0.16042916472198623,0.000418034411585259
Carlos Eduardo Severino,2.65,5.31,11.5,15.93,7.08,50.0,3.54,62.5,0.0,22.73,38.94,22.64,34.11,65.89,0.52,0.81,8.6,9.319557129946439e-05,0.892431293910393,99.10747551048802,3.0301804051015494e-11
Carlos Moya,8.44,3.69,10.28,6.4,15.62,50.58,10.28,48.48,12.18,28.42333333333333,32.505833333333335,32.24,49.36,50.64,1.02,3.76,14.54,0.003877976507157386,99.99431263383624,0.0014100483030916647,0.00039934135348745485
Cedric Pioline,6.17,5.67,6.12,8.88,27.48,33.48,18.12,27.3,10.09,32.405,31.715,42.3,49.1,50.9,1.04,0.34,10.22,0.00014711684058018608,72.56555358357441,0.00022526791844065168,27.434074031666604
Chase Buchanan,5.88,2.52,10.08,9.24,13.45,50.0,8.4,43.75,0.0,20.41,35.29,25.26,43.63,56.37,0.77,0.0,7.07,0.008117780797229688,99.9903683400453,0.0014195921797560756,9.42869777623356e-05
Christian Bergstrom,5.67,4.96,7.09,4.96,17.73,38.1,14.89,28.0,6.25,29.03,26.95,40.46,48.59,51.41,0.95,1.27,7.59,0.00848835510879245,99.8878271160808,4.825245707780406e-05,0.1036362763533503
Christopher Eubanks,14.04,2.7,12.96,7.14,19.76,71.58,13.28,38.2,18.75,47.150000000000006,36.99,45.04,47.58,52.42,0.92,2.72,13.98,0.0031382233416697883,99.98729468817929,4.767267973404468e-07,0.009566611752398374
Christopher Oconnell,2.33,1.16,12.79,3.49,3.49,0.0,1.16,100.0,0.0,16.67,34.88,29.11,38.1,61.9,0.62,3.28,7.38,4.765449793210598e-05,2.9322659877706534,97.06768635768988,4.156510629114733e-11
Corentin Moutet,11.11,5.56,11.11,6.48,9.26,87.5,7.41,20.0,28.57,31.15,32.41,33.64,63.16,36.84,1.71,5.81,11.63,0.022414113387987496,99.97758360586765,4.953176301057539e-07,1.7854268638556352e-06
Cristian Garin,5.98,6.69,6.03,11.06,15.0,50.53,10.25,49.13,19.07,26.10333333333333,34.47666666666667,32.51,57.09,42.91,1.46,1.58,7.17,1.0169471795836355e-07,97.54529896214302,2.454651944166817,4.899199537600843e-05
Damir Dzumhur,6.13,6.09,8.8,11.84,15.81,61.81,9.54,45.11,13.14,28.74374999999999,33.737500000000004,27.19,45.61,54.39,0.88,0.7,9.15,0.00012875237671231685,99.70602097392853,0.2937022043142969,0.0001480693804005516
Dan Goldie,10.93,3.64,4.45,7.29,44.94,29.17,29.15,36.94,5.79,33.91,27.94,42.68,49.18,50.82,0.97,0.0,5.66,4.0125790045558805e-13,3.13242844274065e-06,3.0477971149904624e-14,99.99999686757097
Daniel Cox,5.21,2.08,5.21,9.38,1.04,53.001196581196574,0.0,100.0,15.0,17.54,19.79,24.39,52.08,47.92,1.09,1.37,13.01,1.3039568080908944e-14,0.001131044785675559,99.9988689552144,4.460069182398861e-14
Daniel Gimeno Traver,10.6,3.0,12.36,10.65,8.13,93.33,5.24,27.35,12.39,32.626666666666665,39.46333333333334,24.54,45.83,54.17,0.89,1.98,9.89,0.005627884583175277,99.99437107725493,7.929495994576354e-07,2.452123375847749e-07
Daniel Nguyen,6.88,5.0,13.12,7.5,13.75,76.47,10.62,40.91,16.67,28.57,39.38,23.55,40.91,59.09,0.69,0.72,10.11,0.06830933455846641,99.93155223028923,5.129735517194917e-05,8.713779729230548e-05
Daniel Smethurst,8.9,1.37,10.96,11.64,4.79,40.0,3.42,57.14,13.33,25.37,28.08,28.38,52.89,47.11,1.12,2.78,10.19,0.0033879098831216064,99.6551017943791,0.34151022534597375,7.039176447401559e-08
Daniil Medvedev,5.4,3.79,6.67,6.86,9.41,64.32,6.42,42.23,13.61,27.701,29.882666666666665,35.14,50.56,49.44,1.12,0.45,8.15,1.5477123325671532e-06,99.99169919479071,0.00829187470263792,7.382794345387764e-06
Darian King,5.26,2.63,9.65,6.14,5.26,100.0,2.63,50.0,18.18,21.28,28.07,28.95,40.82,59.18,0.69,0.0,6.06,0.00015917301463465279,99.99558452890345,0.004255887698930171,4.103829919517068e-07
David Ferrer,6.63,2.95,9.72,7.52,8.93,60.39,5.91,42.5,10.49,23.966976744186045,31.33511627906977,26.69,47.18,52.82,0.94,2.42,12.58,0.0033422756036663413,99.99554650915408,0.0011080570612452415,3.158180997491126e-06
David Goffin,7.24,4.12,7.74,7.84,8.43,54.96,5.66,49.91,11.58,29.560625,30.705,35.03,51.45,48.55,1.19,2.18,9.48,7.226479012624843e-06,99.87671620061884,0.12327592410141222,6.488007294107497e-07
David Nalbandian,7.18,4.94,7.81,9.94,13.62,50.09,9.34,49.52,13.66,27.84999999999999,36.44714285714286,33.07,50.05,49.95,1.07,0.9,8.04,1.278746781105841e-06,99.95271073964685,0.04726833684074432,1.964476566162137e-05
David Wheaton,6.9,5.52,2.72,4.58,43.68,27.56,24.82,19.89,3.6,36.6,26.795,42.22,43.86,56.14,0.78,0.0,8.06,2.906596331422228e-12,2.2550771831590122e-05,2.3714191245813145e-14,99.9999774492253
Davide Sanguinetti,4.76,3.74,5.92,10.62,11.36,71.06,5.78,49.84,15.8,22.185,32.379999999999995,29.1,48.8,51.2,0.96,0.55,4.89,1.6557244614518475e-08,99.8908657065077,0.10912672355071168,7.553384410441483e-06
Denis Istomin,7.84,3.35,8.19,6.78,8.15,80.94,5.46,29.87,3.82,36.025714285714294,28.687142857142863,35.49,43.52,56.48,0.8,1.14,9.85,0.00034397402070567853,99.99957141454422,8.129743188347434e-05,3.3140031666359864e-06
Denis Kudla,3.92,4.26,9.18,7.61,8.0,60.95,5.29,42.39,12.12,22.038333333333338,35.86,31.39,49.72,50.28,1.06,0.57,11.39,0.00011979786035777232,99.97147373883573,0.028406222237989925,2.410659457352594e-07
Denis Shapovalov,9.03,3.64,11.06,6.85,12.56,67.63,9.07,37.8,11.71,33.662142857142854,36.05428571428571,43.76,51.65,48.35,1.15,1.46,10.16,0.0016913199016723199,99.99806570664428,0.00023027664861833815,1.2696805361450518e-05
Diego Schwartzman,6.96,3.76,9.94,7.39,6.9,67.77,4.87,42.08,16.87,24.82555555555556,31.192222222222217,29.61,51.04,48.96,1.08,0.67,11.76,0.0010284883226811675,99.99632557643221,0.0026454573328822148,4.779122441486208e-07
Dominic Thiem,8.37,4.35,9.64,7.62,9.74,62.15,6.8,40.28,11.68,32.33551724137931,33.25448275862068,32.85,48.65,51.35,1.02,2.1,11.91,0.00046364328415411253,99.99848725148716,0.0010472043737318774,1.9008549143065768e-06
Dominik Hrbaty,3.86,3.47,9.44,9.36,6.26,58.34,4.18,54.94,19.09,22.01,31.37,30.17,45.26,54.74,0.86,0.46,6.23,4.5349605720931206e-05,99.46687092491756,0.533083523205678,2.0227110275348014e-07
Dominik Koepfer,4.11,3.65,5.94,6.39,7.31,71.43,6.39,25.0,14.29,20.37,28.77,37.68,58.02,41.98,1.38,0.31,8.95,1.297069533301241e-05,99.99966161651824,0.0003218521179922111,3.5606683626621776e-06
Duck Hee Lee,2.0,1.0,8.0,18.0,2.0,53.001196581196574,0.0,100.0,14.29,10.81,42.0,35.89,43.81,56.19,0.78,1.65,11.57,3.263979347387118e-17,4.099540317171974e-05,99.99995900459689,1.8374000055402255e-18
Dudi Sela,4.19,4.57,3.39,4.87,5.34,52.59,4.62,8.33,23.33,19.24,29.73333333333333,36.14,64.48,35.52,2.34,0.32,6.06,1.4198278731583294e-05,99.99997846597158,5.315584296574609e-06,2.0201657397496505e-06
Dusan Lajovic,7.83,3.14,12.08,10.02,10.31,59.08,6.01,60.22,15.0,28.8,34.79857142857143,27.35,41.54,58.46,0.76,1.09,11.78,0.002826935977231635,99.79043745927432,0.2067339467385296,1.65800997482269e-06
Dustin Brown,10.14,6.24,6.77,5.6,33.69,48.57,23.0,35.92,20.21,44.417,29.294000000000004,45.31,52.21,47.79,1.25,1.47,7.48,3.942400508722265e-08,0.2688447275027588,4.299054490917677e-08,99.73115519008269
Eduardo Russi,1.23,4.94,9.88,13.58,17.28,33.33,7.41,57.14,0.0,21.43,29.63,39.16,40.0,60.0,0.67,3.92,11.76,0.0007904995983614411,0.36419175021528594,99.63501760018086,1.5000558367940327e-07
Eduardo Struvay,4.5,4.5,6.31,7.21,23.42,41.67,10.81,38.46,25.0,35.42,28.83,45.9,41.35,58.65,0.7,0.0,2.47,6.094718248208067e-07,99.17930213608426,0.00016859405531903691,0.820528660388524
Egor Gerasimov,6.71,4.26,7.72,8.76,14.08,53.84,10.27,42.31,8.89,29.96333333333334,32.416666666666664,34.48,51.25,48.75,1.06,0.82,9.67,1.5109371123803503e-05,99.98817660735966,0.011629347222227514,0.00017893604697372903
Ernests Gulbis,6.83,5.24,10.69,8.97,8.57,67.97,6.08,37.95,16.69,37.69,36.09818181818181,45.39,47.29,52.71,0.95,0.13,9.11,0.00019230837322815748,99.98405232829795,0.015755221568029675,1.4176083596734022e-07
Evgeny Donskoy,5.48,4.49,9.78,4.86,7.42,73.34,5.44,46.43,44.32,29.3,34.17,48.03,52.5,47.5,1.28,1.02,8.16,1.0770494141560676e-06,99.99899306768457,0.0010054878853164278,3.6738073857041166e-07
Fabio Fognini,8.45,4.23,12.23,10.7,9.77,62.04,7.32,40.81,12.69,30.8975,37.49937499999999,27.77,48.05,51.95,1.0,1.73,12.05,0.01992338306750203,99.97747030042781,0.0026055445881545593,7.719164367918234e-07
Fabrice Santoro,5.0,3.57,2.86,6.43,40.71,43.48,16.43,52.63,6.45,32.0,20.71,26.93,37.9,62.1,0.61,0.49,2.46,4.621331071677919e-13,0.0005885337633694832,9.883751762132909e-09,99.99941145635238
Facundo Arguello,8.11,0.9,18.02,9.01,3.6,50.0,3.6,50.0,12.5,22.22,37.84,29.31,38.73,61.27,0.63,0.0,13.33,98.39474903252501,1.6052359122163444,1.5055077017274847e-05,1.8173618913396138e-10
Farrukh Dustov,3.66,3.17,12.2,5.09,11.25,57.94,5.62,47.7,7.52,24.903333333333336,31.696666666666665,43.81,36.78,63.22,0.59,0.63,8.95,1.1374073734310373,98.82593860711651,0.03664789968834899,6.1197642442074084e-06
Federico Delbonis,9.77,2.11,10.45,10.56,11.15,61.45,7.63,45.65,8.62,29.08428571428572,36.09,30.44,47.05,52.95,0.94,1.75,9.87,0.0003483903659118418,99.99904612061957,0.000599753030868569,5.735983595938778e-06
Federico Gaio,9.38,6.25,17.71,8.33,11.46,42.86,7.29,18.18,11.76,40.54,40.62,42.55,35.09,64.91,0.54,1.19,15.48,99.97650489362054,0.023495105535875402,7.205297907959128e-10,1.2301326800993937e-10
Feliciano Lopez,6.36,3.38,8.09,7.28,22.56,39.79,15.12,33.28,9.78,34.021875,32.318749999999994,40.18,45.02,54.98,0.87,0.8,9.69,0.00047435001198089117,98.77939029947558,3.567417987726762e-05,1.2200996763325411
Felix Auger Aliassime,8.22,3.15,10.36,7.36,11.66,59.73,8.1,47.85,14.53,29.83636363636364,37.75454545454546,35.78,49.14,50.86,1.01,2.09,10.59,3.790073615368549e-05,99.99939586015721,0.0005615819729905291,4.657133577164387e-06
Fernando Gonzalez,10.0,4.12,10.5,5.43,13.92,61.06,9.11,45.27,11.12,36.563750000000006,31.08625,34.02,46.19,53.81,0.97,2.83,14.74,0.006544350211401055,99.99285724699659,0.0004558643095060195,0.00014253848242169485
Fernando Verdasco,9.26,4.02,10.73,7.8,7.88,65.23,5.08,37.67,9.56,35.1625,34.88,33.32,47.17,52.83,0.97,1.49,10.88,0.0014874779828985252,99.99827335498054,0.0002389439576084827,2.2307890297831003e-07
Fernon Wibier,5.71,5.14,4.0,5.71,48.0,26.09,26.29,27.38,7.35,32.05,28.57,43.06,41.82,58.18,0.72,0.0,9.09,1.0877111516497306e-12,1.4203704066697439e-06,2.1486504829117033e-14,99.99999857962845
Filip Dewulf,9.64,4.02,7.63,12.05,13.65,61.54,10.44,47.06,5.56,33.33,35.34,33.76,43.72,56.28,0.78,1.81,9.84,3.2479498712169286e-06,99.98171982972285,0.018245834452750267,3.108787455557774e-05
Filip Krajinovic,6.15,5.6,6.64,10.49,14.52,67.41,10.8,37.65,9.09,28.093333333333334,30.613333333333333,35.22,49.15,50.85,1.03,1.24,9.93,3.2334485991925156e-05,99.8901978610293,0.10956527147142855,0.0002045330132853424
Filippo Volandri,6.41,2.79,8.66,7.6,14.32,54.16,9.84,49.5,15.27,19.98,31.04,24.53,50.27,49.73,1.07,3.18,13.7,0.00030228061223573264,99.99624092706331,0.002815334637394863,0.0006414576870388945
Florian Mayer,4.91,4.02,5.37,6.98,10.49,64.73,6.11,47.68,1.25,25.842,28.414,42.74,44.92,55.08,0.87,0.37,6.96,1.2914492098850555e-06,99.35229633058366,0.6476975279207556,4.850046322291248e-06
Frances Tiafoe,11.82,3.64,9.09,2.73,13.64,81.82,10.0,26.67,9.09,32.26,31.82,42.96,61.49,38.51,1.6,0.0,21.74,0.004344916849410447,99.99544155547511,7.648081671444864e-06,0.00020587959396204286
Francisco Clavet,4.44,2.96,8.89,5.19,8.15,66.67,2.22,54.55,5.41,15.87,27.41,20.04,47.62,52.38,0.91,1.07,8.85,0.0005881602151501349,99.94201081811097,0.05739945434138005,1.5673325537152317e-06
Franco Skugor,3.08,5.38,6.15,8.46,19.23,52.94,13.08,28.0,10.53,29.31,24.62,35.4,36.0,64.0,0.56,0.0,5.2,0.0042461289752801345,99.54346276141564,0.0010334109802561837,0.45125769862877824
Gael Monfils,6.52,4.02,8.22,6.79,9.73,56.58,6.69,37.0,14.64,31.115348837209304,30.845348837209304,34.25,50.6,49.4,1.12,1.22,9.76,5.909467130601631e-05,99.99931609035971,0.0006169176539432683,7.897314999210017e-06
Gavin Van Peperzeel,12.12,1.01,9.09,5.05,28.28,60.0,15.15,25.0,0.0,41.03,32.32,46.7,45.37,54.63,0.83,0.0,12.35,0.0013079185342154715,48.947805330357866,5.951290852337761e-09,51.050886745156774
Gerald Melzer,9.57,6.38,6.38,6.38,10.64,42.86,7.45,60.0,0.0,31.03,32.98,28.72,55.51,44.49,1.25,2.58,6.27,1.066846449421889e-07,99.48004923207925,0.5199498639452393,7.972908565421276e-07
Germain Gigounon,3.47,8.33,11.11,13.19,2.08,100.0,0.69,66.67,20.0,32.73,29.86,29.38,37.58,62.42,0.6,0.78,5.99,5.10190571045754e-08,0.04114445441273377,99.95885549456813,5.3219790791054077e-14
Gianluigi Quinzi,6.5,3.76,8.59,5.23,4.18,83.34,2.33,41.66,11.54,26.755,26.985,28.58,38.79,61.21,0.64,0.68,10.35,0.0009488854570831615,99.99827643163293,0.0007745297990032563,1.5311102010708206e-07
Gilles Muller,9.29,3.94,7.64,7.62,33.6,45.84,23.67,35.64,8.8,41.262,32.965999999999994,38.51,47.27,52.73,0.96,0.35,10.52,1.5337600931895752e-07,0.1885835759451516,1.4751115142365871e-08,99.8114162559277
Gilles Simon,6.92,4.21,7.41,7.35,9.91,53.25,6.74,52.96,15.56,27.152631578947368,29.634210526315798,32.5,54.16,45.84,1.24,0.71,8.45,1.7704670442342916e-06,99.87054749718993,0.12944464891252494,6.083430526439589e-06
Goncalo Oliveira,12.69,2.99,13.43,16.42,11.94,66.67,8.96,37.5,37.5,42.86,38.06,35.36,47.95,52.05,0.92,0.34,9.9,0.0004342142736137501,99.9995125932214,4.2655229326453576e-05,1.0537275677631145e-05
Gonzalo Escobar,12.69,1.52,4.57,2.54,8.12,61.54,6.6,43.75,11.11,31.37,29.95,42.42,68.2,31.8,2.14,4.63,16.67,2.0902102933210463e-08,99.9998924786964,0.00010531479541872214,2.185605957405183e-06
Gonzalo Lama,5.98,0.85,13.68,3.42,1.71,100.0,1.71,0.0,0.0,13.64,30.77,35.0,53.67,46.33,1.16,1.27,15.92,99.65677856519581,0.3432214346811127,3.069281731854129e-11,9.219942013140231e-11
Goran Ivanisevic,6.63,5.27,5.48,6.18,33.12,28.67,22.43,27.1,7.78,44.22588235294117,29.295294117647064,48.37,48.1,51.9,0.96,0.98,9.47,8.163902391061419e-08,0.3769980298875607,8.714858117813558e-08,99.62300180132488
Greg Rusedski,7.82,4.12,3.57,5.99,42.76,28.11,25.93,31.73,10.07,37.66,28.8175,44.46,48.71,51.29,1.0,1.36,9.07,4.236769313748685e-13,6.061392126243411e-05,8.63632516031637e-13,99.99993938607749
Grigor Dimitrov,8.21,3.02,8.24,8.24,9.47,62.6,6.56,44.28,11.93,31.79083333333334,32.908611111111114,35.6,49.01,50.99,1.02,2.21,11.96,6.692335761848906e-06,99.99766017369981,0.002331184921623085,1.949042731024135e-06
Guido Andreozzi,7.7,2.72,11.92,7.7,13.12,47.5,9.27,49.43,5.56,25.46,37.510000000000005,28.96,47.17,52.83,0.94,3.53,18.72,0.06388165403403008,99.93140476690938,0.004698907213128325,1.4671843432771366e-05
Guido Pella,7.24,3.11,9.17,7.02,9.55,59.4,6.41,40.53,11.97,25.08,32.96600000000001,26.16,51.36,48.64,1.1,2.03,8.27,0.00013625527615427791,99.99976340218892,9.464073271360683e-05,5.7018021772351515e-06
Guillermo Canas,6.57,1.85,5.89,5.61,10.83,69.31,6.18,51.1,11.21,27.45333333333333,24.916666666666668,33.95,50.45,49.55,1.1,3.01,16.09,1.0461314755949836e-06,99.96522799259051,0.034715714767712104,5.524651034491191e-05
Guillermo Coria,7.69,3.84,9.9,7.14,9.31,64.1,5.99,36.23,21.84,26.285714285714285,29.61428571428571,22.19,51.53,48.47,1.11,1.72,8.49,0.0015479602559101016,99.99841812217541,1.7461191384255043e-05,1.6456377242560445e-05
Guillermo Garcia Lopez,7.42,2.88,5.54,5.43,6.53,69.89,4.79,32.03,3.8,27.02625,26.65125,37.56,54.8,45.2,1.23,1.51,10.72,5.38178845620145e-06,99.99966390799449,0.0003295961311544758,1.1140859752805254e-06
Guillermo Vilas,10.55,5.8,9.24,14.4,32.47,67.34,16.24,38.66,15.14,39.055,29.450000000000003,8.72,36.52,63.48,0.58,0.42,6.38,7.421131325513704e-05,2.3192035877426305,1.6150240879282857e-06,97.68072058591986
Gustavo Kuerten,7.34,5.78,7.18,9.41,13.69,48.63,9.02,47.42,10.61,33.58272727272728,32.598181818181814,34.14,51.02,48.98,1.12,1.45,9.47,2.2067409554659244e-06,99.76506291666276,0.23490710949028493,2.776710600383574e-05
Guy Forget,6.68,3.99,4.93,6.39,23.17,34.65,16.75,30.64,10.32,37.845,27.716666666666665,42.46,46.87,53.13,0.89,1.38,8.96,3.40668251035819e-06,90.2787653850137,1.544357892562653e-05,9.721215764724818
Henri Laaksonen,11.4,1.78,8.68,5.68,4.41,79.16,2.74,26.19,22.5,33.015,32.56,35.97,60.18,39.82,1.69,1.69,10.76,1.0987905592987496e-05,99.99998867710566,2.2167324214416208e-07,1.1331542271834587e-07
Henri Leconte,8.37,6.56,3.02,12.48,50.03,41.13,25.55,35.6,16.89,43.395,30.71,22.44,45.9,54.1,0.89,0.3,4.96,2.6535015425901725e-17,8.541653683534258e-07,1.6917423939167865e-13,99.99999914583455
Holger Rune,7.41,4.34,10.23,5.69,21.48,50.44,13.48,46.32,10.84,29.92333333333333,33.50333333333334,35.61,49.94,50.06,1.01,1.94,18.11,0.0064070333980343125,99.93964347638791,0.003622327906279643,0.050327162307772524
Horacio Zeballos,8.0,4.84,10.04,8.17,8.81,81.25,4.73,50.0,17.14,29.605,35.885,41.02,58.14,41.86,1.42,1.12,10.87,6.335473034411857e-06,99.49253851341825,0.5074550989005144,5.220821339369316e-08
Hubert Hurkacz,6.86,3.19,9.3,7.24,15.36,52.25,10.49,47.11,10.4,32.81,32.710408163265306,36.73,49.8,50.2,1.03,1.39,9.4,6.0064385265470825e-05,99.99498135865164,0.004300419473111168,0.0006581574899532927
Hugo Dellien,9.1,2.85,14.24,7.13,8.82,74.53,6.44,37.98,10.32,26.195,36.7225,26.87,50.99,49.01,1.08,5.01,20.98,7.157349889542057,92.84254101849288,0.00010878566924112161,3.062958643271089e-07
Hunter Reese,3.7,4.94,9.88,7.41,7.41,33.33,3.7,66.67,7.5,25.93,30.86,33.14,44.03,55.97,0.79,0.0,7.52,0.00010391762131008193,38.77250072846461,61.227395320559076,3.335492627481571e-08
Hyeon Chung,5.64,2.88,8.1,9.31,6.27,34.03,3.15,64.62,5.83,20.13714285714286,33.93,31.62,50.39,49.61,1.45,0.45,7.66,1.3097256912125644e-05,52.98340893542984,47.016577949060554,1.8252795304223204e-08
Igor Andreev,5.03,1.72,10.66,7.36,4.42,42.86,1.72,69.23,3.57,20.215,35.55,35.0,34.21,65.78,0.54,1.69,14.92,0.001935972065949527,90.87921188972847,9.118852135392489,2.813252387749452e-09
Igor Sijsling,8.36,6.07,3.65,3.2,15.62,43.51,10.76,24.67,17.26,36.39,28.883333333333336,41.14,67.05,32.95,2.42,2.29,13.15,2.1097995100827846e-06,99.99668448535354,0.0004199707762449932,0.0028934340706239883
Illya Marchenko,2.78,2.3,12.83,9.6,8.24,27.78,5.54,51.25,11.54,20.77,40.245000000000005,36.94,42.8,57.2,0.76,2.04,8.78,0.03427737443779137,99.89099584667268,0.07472669670201341,8.218734548680294e-08
Inigo Cervantes Huegun,5.03,3.74,7.01,8.41,5.65,77.78,4.55,33.33,11.37,25.03,30.89,38.13,46.16,53.84,0.9,1.41,11.49,2.536084385200609e-05,99.99481462833414,0.005159895022534583,1.1579945781320522e-07
Irakli Labadze,7.89,1.32,12.5,6.58,9.21,33.33,3.95,71.43,11.11,27.27,34.87,32.47,46.47,53.53,0.87,1.28,11.11,0.0005487335801620154,99.78403233117245,0.21541853928595509,3.9596136811590925e-07
Ivan Dodig,7.02,4.45,10.64,6.65,18.71,54.48,11.79,38.32,9.58,35.3275,30.5675,34.32,41.66,58.34,0.72,1.02,8.41,0.047724402782206715,99.92728706350175,0.00018604206498921952,0.02480249165113656
Ivan Lendl,8.86,6.32,5.9,6.84,19.94,47.08,13.18,42.63,12.77,38.30111111111111,28.918888888888887,35.36,51.46,48.54,1.09,1.73,10.31,1.1444212632933503e-06,99.95811501345824,0.0028194209502469406,0.03906442117022059
Ivan Ljubicic,5.67,3.96,7.46,9.15,14.66,45.68,8.8,48.72,6.41,33.608333333333334,33.81333333333333,40.69,44.96,55.04,0.82,0.46,8.96,1.6737636872125825e-06,99.82982582050865,0.17010801697079692,6.448875693329165e-05
Ivo Karlovic,7.96,4.19,7.58,6.4,34.32,45.38,22.14,35.08,10.27,49.93533333333333,30.831333333333337,52.28,46.39,53.61,0.89,1.88,11.82,9.827842963639186e-08,0.4226575034990999,3.13633919976918e-07,99.57734208458857
Jack Draper,7.37,3.16,4.21,6.84,10.0,45.45,5.79,47.37,19.35,22.43,24.74,29.02,57.61,42.39,1.36,0.79,10.0,4.893807995351206e-08,99.99536357912159,0.004587859416863978,4.8512523452282495e-05
Jack Sock,6.64,2.97,11.3,7.4,8.78,58.44,4.72,43.25,6.93,30.044000000000004,33.388,39.93,42.44,57.56,0.8,3.04,20.32,0.12425275034560679,99.8389504604528,0.03679657860360887,2.1059791090262606e-07
James Blake,7.64,2.32,9.17,6.51,13.94,42.5,8.38,50.54,13.52,28.625,31.835000000000004,34.9,46.49,53.51,0.89,1.85,12.36,0.0001216431328059549,99.99874903612258,0.0009276705862103725,0.00020165015847454723
James Ward,5.94,3.48,10.94,5.41,8.8,41.11,6.85,54.16,16.66,23.375,36.595,40.38,55.78,44.22,1.46,3.7,26.98,0.009384382439541379,98.21046698495127,1.7801485060786777,1.2653051718813812e-07
Jan Hernych,6.56,0.82,8.2,8.2,20.49,50.0,9.84,64.0,0.0,19.61,32.79,26.08,43.65,56.35,0.77,0.0,8.91,1.1840955279375138e-05,99.90882391589719,0.05336311731640838,0.037801125831225996
Jan Lennard Struff,7.18,3.91,9.58,8.3,17.75,53.55,11.27,40.51,9.73,34.462857142857146,34.10285714285714,45.02,49.9,50.1,1.09,0.84,8.57,0.0003370312537064297,99.9922748455044,0.00600627129523971,0.0013818519466535398
Janko Tipsarevic,3.61,3.61,4.02,4.42,5.62,60.0,4.02,42.86,6.25,22.03,24.5,48.99,51.44,48.56,1.06,1.72,10.63,4.903496324926767e-07,99.66073680283831,0.33926250919811074,1.9761398486644314e-07
Jannik Sinner,8.16,3.94,9.88,8.47,12.37,60.82,9.47,42.98,17.52,31.810714285714283,33.95,36.54,53.74,46.26,1.2,1.52,8.69,7.337830109667231e-05,99.99819318946173,0.001702964120339819,3.0468116897188612e-05
Jarkko Nieminen,6.41,2.34,7.28,9.9,9.59,42.06,6.01,55.5,13.15,23.960000000000004,31.14833333333333,33.44,41.77,58.23,0.72,0.6,10.26,4.552224182009507e-06,99.90657345504842,0.09341797168517532,4.021042208566365e-06
Jarmere Jenkins,8.2,2.73,10.94,8.98,16.8,34.78,8.98,53.49,13.33,27.56,37.5,24.62,53.12,46.88,1.13,0.96,10.0,9.588349649078061e-05,99.99797886226656,0.0014890265209611068,0.0004362277159537881
Jason Stoltenberg,6.74,10.67,2.25,3.93,42.13,39.53,24.16,24.0,10.0,48.65,19.1,43.3,51.59,48.41,1.07,0.0,0.0,1.752956949667353e-12,0.0001097437878504369,1.4849852221577858e-10,99.9998902560618
Jaume Munar,5.37,3.59,8.28,5.58,7.53,57.28,5.29,44.56,11.09,23.161666666666672,28.74333333333333,26.18,48.49,51.51,0.98,0.99,9.04,0.00020963122361088797,99.99769725352176,0.0020900920522988853,3.023202395351212e-06
Jeremy Chardy,8.63,1.88,10.73,7.49,9.53,63.91,6.7,39.23,11.02,33.47538461538461,37.32615384615385,37.95,43.87,56.13,0.87,4.22,17.43,0.0010667110973301933,99.99887232213092,6.014995701326859e-05,8.168146879899364e-07
Jerzy Janowicz,6.49,3.1,14.31,9.61,14.52,48.41,9.26,54.04,17.83,37.4275,40.298,40.62,35.92,64.08,0.69,1.78,10.04,0.07091341598689532,99.9040186606038,0.025044596084852003,2.332732447858101e-05
Jim Courier,7.64,4.94,7.06,4.86,16.26,44.64,10.77,47.23,9.32,30.916470588235292,29.41588235294117,33.06,52.13,47.87,1.16,2.79,15.31,3.555883516231673e-05,99.9902957002405,0.008224342458268061,0.0014443984660941593
Jimmy Connors,6.94,6.67,7.43,5.73,27.1,41.08,16.78,40.24,10.5,28.944444444444443,32.72999999999999,35.57,53.04,46.96,1.16,0.33,9.08,0.0001250456779973125,91.38142205045898,0.0010182169813456687,8.61743468688175
Jiri Hrebec,6.06,3.03,11.36,6.82,31.06,28.57,15.91,60.98,6.67,28.0,33.33,23.36,39.85,60.15,0.66,0.78,10.2,0.005664237747192749,18.322564570408172,0.0009699850564880853,81.67080120678824
Jiri Novak,5.85,3.56,7.23,6.11,12.13,47.25,8.44,48.86,10.66,23.47,33.410000000000004,29.82,47.0,53.0,0.9,0.45,9.85,3.613898538760971e-06,99.9982156967406,0.0017274918548609004,5.3197505953079054e-05
Jiri Vesely,5.66,5.16,5.24,7.43,13.61,50.96,9.57,53.31,12.54,30.382,27.918,37.2,56.66,43.34,1.5,0.21,6.66,1.0027952559954074e-07,94.55043620013979,5.449350486331947,0.00021321324880798522
Jo Wilfried Tsonga,8.8,3.4,9.9,8.93,15.52,58.5,10.8,40.67,12.54,37.13969696969696,35.5660606060606,36.61,47.89,52.11,1.01,2.69,12.2,0.0001433072631476983,99.99917713515973,0.00039040515852984255,0.0002891524185782483
Joachim Johansson,8.02,1.07,13.37,10.16,12.83,35.71,7.49,54.17,7.14,43.59,39.04,43.88,26.35,73.65,0.36,3.78,10.31,0.05537216631731372,99.94070139736242,0.003920368082174757,6.068238194051453e-06
Joao Sousa,7.53,1.79,9.09,6.23,8.41,66.06,5.59,50.74,8.21,23.317777777777778,34.27,28.84,48.56,51.44,1.04,4.47,17.04,7.609217878310197e-05,99.99771972409387,0.0022035956420685477,5.880852189652496e-07
Joao Souza,10.48,3.23,15.32,8.87,8.06,62.5,6.45,20.0,16.67,28.79,29.03,39.64,50.5,49.5,1.02,1.72,11.49,99.418117845919,0.5818821245301384,1.6398897550090768e-08,1.315192583616811e-08
Johan Kriek,11.18,8.24,2.94,3.53,42.94,28.3,31.18,16.44,12.99,37.76,24.71,45.09,68.6,31.4,2.18,2.22,15.56,1.2030945525668642e-10,1.0172004476414646e-05,4.612317883179452e-13,99.99998982787463
John Isner,7.78,2.7,10.55,6.46,15.52,49.42,10.04,40.96,7.51,41.75258064516129,35.340967741935486,51.34,41.6,58.4,0.76,2.57,18.49,0.0025565100521042945,99.9956251883079,0.0017029885946488019,0.00011531304532571361
John Mcenroe,9.01,7.25,4.67,5.7,52.47,31.43,34.39,27.33,13.84,38.01333333333334,29.97444444444444,37.91,53.28,46.72,1.24,0.59,7.26,2.8674578247666225e-15,5.407786010920331e-09,1.7405213927119945e-17,99.99999999459223
John Millman,6.72,5.06,7.4,8.31,6.28,69.54,4.25,37.06,13.84,26.425,30.87666666666667,31.59,51.9,48.1,1.1,0.52,6.2,7.287619165942827e-06,99.99681683325825,0.00317572677866192,1.523439742866355e-07
John Newcombe,8.06,4.76,2.93,3.66,43.59,27.85,28.94,28.57,6.31,37.41,27.84,39.61,51.08,48.92,1.04,0.0,8.82,3.005099808863741e-14,3.628995771411166e-06,4.279372521148695e-15,99.99999637100412
Jonas Bjorkman,6.42,4.89,5.32,5.27,31.7,36.89,19.88,30.46,5.48,32.88833333333333,27.043333333333337,40.42,45.7,54.3,0.86,0.08,6.95,1.1635255725551396e-06,0.7436646335707111,9.84705979472497e-08,99.25633410443307
Jordan Thompson,4.5,4.2,5.34,6.19,8.5,61.73,6.44,25.8,12.75,25.453333333333337,27.505,38.43,57.86,42.14,1.39,0.82,12.19,8.019138910682711e-06,99.9987575090218,0.001227754569594075,6.717269652397941e-06
Jordi Arrese,6.25,3.41,8.52,5.4,9.66,68.18,6.25,41.18,13.46,20.67,26.42,32.18,57.0,43.0,1.33,6.39,23.79,0.00883646594763824,99.9640280590219,0.027131802703617414,3.672326787185948e-06
Juan Carlos Ferrero,7.27,4.22,8.11,7.5,6.53,53.37,4.62,46.6,9.72,31.334545454545456,31.141818181818188,35.62,47.33,52.67,0.98,1.98,8.8,2.1058503872266245e-05,99.97797605295615,0.022002764470581356,1.2406946690054277e-07
Juan Carlos Saez,6.35,0.0,28.57,15.87,15.87,50.0,6.35,60.0,0.0,42.86,53.97,27.91,17.19,82.81,0.21,5.3,16.67,99.99999968257924,3.155067993372405e-07,1.913743618036458e-09,1.1019397522142615e-15
Juan Ignacio Chela,2.11,4.21,6.32,9.47,7.37,25.0,4.21,85.71,11.11,20.51,32.63,38.83,43.57,56.43,0.77,0.73,8.03,3.26985645048772e-12,0.05203927325671907,99.94796072672801,1.2044346326667185e-11
Juan Ignacio Londero,8.55,2.5,10.74,6.99,7.98,74.4,5.61,40.83,7.98,26.616,36.6,36.88,49.05,50.95,0.99,2.9,16.05,0.0015959166193405315,99.99799320756334,0.0004107389146559574,1.369027258633859e-07
Juan Martin Del Potro,7.59,2.49,8.06,5.63,6.91,65.84,4.6,40.03,11.48,28.723124999999985,30.751041666666666,37.06,50.24,49.76,1.07,1.75,11.11,1.909991709429709e-05,99.99975072561807,0.0002295985560506056,5.759088355902698e-07
Juan Monaco,3.8,2.32,8.2,11.1,5.33,56.67,2.59,47.78,5.92,18.33333333333333,28.523333333333337,24.99,44.97,55.03,0.86,1.93,8.9,0.0004950656773468992,99.2855697721486,0.7139350481103299,1.1406361305484313e-07
Julian Reister,8.6,4.3,6.45,7.53,1.08,100.0,1.08,0.0,0.0,23.33,23.66,28.74,63.83,36.17,1.76,3.33,11.67,0.05919441000251794,99.9408010520334,4.525503913112137e-06,1.2460062723841819e-08
Julien Benneteau,9.57,4.55,6.34,5.68,12.26,61.11,6.9,36.59,17.22,34.9,26.706666666666667,40.65,54.22,45.78,1.24,1.9,13.55,4.3535787904771875e-06,99.99954764560067,0.0003965897581531085,5.141106239194752e-05
Jurgen Melzer,3.68,5.1,5.38,11.9,13.86,25.92,8.76,74.28,0.0,23.495,33.69,32.38,43.2,56.8,0.76,0.0,8.83,1.2847144977546052e-10,0.39160473695508063,99.60839523028426,3.2632151489650605e-08
Karen Khachanov,7.46,4.12,7.93,8.62,10.32,62.23,6.97,42.01,10.06,34.608333333333334,33.47416666666667,37.23,47.02,52.98,0.92,0.89,11.18,4.334957897183523e-06,99.99232055168939,0.007672524967614899,2.5883850871950423e-06
Karim Mohamed Maamoun,7.26,3.09,12.7,10.49,7.57,55.19,4.55,47.18,13.12,25.385238095238098,36.28428571428572,30.56,46.07,53.93,0.9,0.74,9.02,0.03970804948356368,99.94708086717063,0.013210976157669325,1.0718822167109305e-07
Karol Kucera,4.45,4.05,6.2,7.22,7.68,22.22,3.4,58.94,10.56,29.435,23.935,33.87,38.21,61.79,0.62,0.0,7.2,1.0932613882923829e-05,97.39863424990867,2.6013527577148707,2.0597625281021964e-06
Kei Nishikori,7.56,4.55,9.39,7.78,8.22,60.53,5.7,39.9,9.31,28.828,32.95171428571428,32.67,53.45,46.55,1.32,0.92,9.87,0.0007774403133846656,99.98770038035984,0.011521694650591486,4.846762032987766e-07
Kevin Anderson,5.99,3.15,9.57,7.35,12.92,51.47,8.02,48.91,5.08,36.00444444444444,33.76222222222222,43.82,42.14,57.86,0.79,1.29,13.0,0.00023061726761699165,99.89438533951639,0.10536756178753864,1.6481428480219344e-05
Kevin Curren,7.36,4.27,4.86,4.17,52.18,20.23,31.84,32.35,9.3,34.73,30.71,39.69,48.22,51.78,0.94,0.0,17.35,6.650100713107814e-15,9.082486508628792e-09,3.5671322938987274e-17,99.99999999091749
Konstantin Kravchuk,4.9,4.05,7.62,8.95,13.91,33.33,8.08,56.9,6.35,25.2,39.9525,40.73,53.02,46.98,1.38,0.78,8.24,4.3398988595133615e-07,94.20910657137297,5.790889644436532,3.3502006194251355e-06
Kyle Edmund,9.48,3.68,8.84,5.97,8.15,63.29,5.89,39.69,13.45,30.378,32.74999999999999,32.56,56.02,43.98,1.37,2.5,15.1,8.057148968387895e-05,99.9996030163487,0.0003157121974362271,6.999642611140711e-07
Laslo Djere,8.01,4.16,11.77,10.18,9.72,63.56,6.06,46.97,10.07,35.245999999999995,37.212,36.64,43.72,56.28,0.79,1.26,9.65,0.0011458761762243757,99.96993940653897,0.028914470369619066,2.4691511107926046e-07
Laurynas Grigelis,6.45,8.6,10.22,11.29,11.29,46.66,4.3,66.67,10.0,48.055,36.555,35.96,43.56,56.45,0.82,0.0,9.27,9.605464792462108e-09,0.9331688526796879,99.06683113744103,2.739471786219005e-10
Leonardo Mayer,8.07,3.1,12.16,7.57,13.44,48.72,9.05,48.83,13.06,27.989,39.662,39.6,44.6,55.4,0.85,2.33,10.34,0.0052129615791251605,99.99420886859764,0.0005688893507405296,9.280472453667327e-06
Liang Chi Huang,1.56,1.56,12.5,3.12,7.81,66.67,4.69,20.0,0.0,21.43,23.44,35.94,16.67,83.33,0.2,1.47,13.24,99.99858992335622,0.0014100752164831316,1.6100685139407437e-10,1.2661142778998421e-09
Lleyton Hewitt,6.73,3.58,7.25,6.25,10.41,52.86,6.92,49.42,11.97,27.24196721311477,29.916393442622947,32.95,53.07,46.93,1.23,1.37,9.57,3.7944911034410376e-06,99.98140044230612,0.018583351375061636,1.2411827711467109e-05
Lloyd Harris,7.84,1.11,12.76,9.72,15.95,48.53,8.32,53.01,9.02,28.3675,38.585,30.17,44.01,55.99,0.88,2.16,18.41,0.028765887475467468,99.96300073924982,0.0081268397945462,0.00010653348021771042
Lorenzo Musetti,7.83,2.61,6.39,9.05,14.92,62.21,10.76,40.74,11.06,26.54,31.410000000000004,40.52,50.61,49.39,1.03,1.63,9.85,1.6983473322399681e-06,99.9982628054045,0.0011127284023002737,0.0006227678458013154
Lorenzo Sonego,10.17,2.45,10.0,9.95,14.38,54.72,10.57,36.77,8.97,35.278000000000006,32.564,27.3,44.1,55.9,0.8,1.77,11.69,0.002995843598463985,99.99604395380118,1.5093037048558299e-05,0.0009451095632229101
Luca Vanni,5.59,1.68,12.85,3.35,5.03,66.67,3.35,55.56,0.0,28.74,33.52,40.25,55.67,44.33,1.26,1.88,13.44,0.010418093943835069,99.60773726829306,0.3818446220606267,1.570242844204146e-08
Lucas Pouille,8.66,4.29,8.5,8.16,12.69,67.57,8.76,35.31,15.82,36.15428571428571,33.49928571428571,34.17,50.21,49.79,1.08,1.44,11.29,1.411908318516031e-05,99.99980782508109,0.00012995074072252028,4.810509504585737e-05
Lukas Lacko,9.25,3.28,9.4,7.42,7.32,57.08,4.27,48.96,11.55,32.6175,30.265,34.38,50.28,49.72,1.19,0.81,10.6,0.00018899851954145815,99.98220113097143,0.017609469467400867,4.01041577751679e-07
Lukas Rosol,10.78,4.37,10.89,9.58,10.63,66.96,7.19,39.95,9.52,39.51,34.95285714285714,36.66,47.61,52.39,0.92,1.57,11.61,0.0007556612823349793,99.99816359685119,0.0010794381073675843,1.3037590683159747e-06
Mackenzie Mcdonald,6.03,3.35,11.29,8.97,17.35,45.1,10.52,56.4,9.69,22.902,39.578,32.79,44.28,55.72,0.82,0.7,11.44,0.0014515999843103375,99.9393085320857,0.05898572926085402,0.00025413866912210787
Magnus Gustafsson,8.61,3.86,7.65,2.94,11.5,53.66,8.26,35.58,14.64,31.340000000000003,30.815,37.0,53.28,46.72,1.16,4.26,20.27,8.19093457333821e-05,99.99987563173238,1.6116272985286885e-05,2.6342649051555624e-05
Magnus Norman,8.66,4.02,14.29,10.52,9.2,37.92,6.94,60.32,14.34,36.99,36.900000000000006,32.6,43.78,56.22,0.82,2.79,14.47,0.10412763293327798,98.99778593136175,0.8980862697346375,1.6597040409818865e-07
Malek Jaziri,6.5,3.71,9.02,8.91,9.79,58.33,6.5,37.92,18.74,26.746666666666663,31.75,45.38,44.71,55.29,0.81,1.21,6.41,0.0003346356567039066,99.99845033599892,0.0012126363773645006,2.3919669931773155e-06
Malivai Washington,5.56,3.9,6.54,6.98,30.4,30.84,15.97,46.23,6.43,30.995,24.845,39.15,41.24,58.76,0.71,1.3,6.87,4.296712913769892e-05,8.691677932425455,0.00046492525997957887,91.3078141751853
Mansour Bahrami,7.77,4.85,5.83,2.91,51.46,16.0,24.27,39.62,15.79,33.33,24.27,41.84,42.54,57.46,0.74,3.9,1.3,3.5952335692054306e-13,1.3220260549919363e-07,1.219532601765825e-16,99.99999986779713
Marat Safin,6.07,5.3,7.12,8.11,14.38,49.04,9.25,45.29,10.28,34.63631578947368,33.26578947368421,38.52,49.8,50.2,1.03,0.61,6.01,5.735597016614557e-07,99.96058337248581,0.03934249050705901,7.356344749297258e-05
Marc Andrea Huesler,4.17,4.51,7.99,8.68,19.1,34.21,13.19,38.18,4.76,27.82,35.76,42.8,48.0,52.0,0.92,2.17,7.07,0.00012539571146231475,99.98904050523917,0.007211273184266481,0.003622825865020225
Marc Polmans,4.66,7.63,8.9,7.2,15.25,55.17,12.29,41.67,16.28,25.64,35.17,20.13,51.29,48.71,1.05,0.45,10.45,0.00020297079979570947,99.9914142594658,0.007866727133746206,0.0005160426006921805
Marc Rosset,7.16,3.39,10.28,5.5,25.28,33.63,15.99,35.73,11.58,35.385,32.595,38.7,43.34,56.66,0.77,4.34,11.38,0.03313682141096681,93.97891328285375,2.66834481418874e-06,5.987947227390615
Marcel Granollers,4.67,4.28,6.89,6.51,14.41,63.79,9.34,32.03,12.3,23.83125,27.24,31.09,48.71,51.29,1.09,0.18,5.42,0.00033369192440716876,99.99636519010272,0.000297333293225657,0.003003784679714356
Marcelo Rios,7.71,3.82,8.66,9.07,13.02,49.34,8.75,49.63,14.22,27.231999999999992,35.314,31.42,51.99,48.01,1.16,0.91,10.25,8.954599262053638e-06,99.9863102888151,0.013654222145723297,2.653443991234428e-05
Marco Trungelliti,5.3,4.55,6.06,8.33,12.88,75.0,9.09,23.53,20.0,23.61,29.55,36.78,48.74,51.26,0.95,0.0,7.91,1.5490984924383126e-05,99.99960737006454,2.9377951232560517e-05,0.00034776099927521744
Marcos Baghdatis,7.04,4.3,6.61,7.32,11.2,54.72,8.21,44.77,15.23,32.31571428571428,30.47,33.81,52.8,47.2,1.19,0.75,8.6,3.880232468630128e-07,99.99361598891294,0.006351122680281061,3.2500383560919514e-05
Marcos Giron,3.64,3.13,6.31,4.15,10.08,35.71,7.06,34.52,9.44,24.313333333333333,27.23,50.04,50.05,49.95,1.03,1.26,12.45,0.00019334909371111522,99.99674215337176,0.0030476994305641187,1.6798103910288117e-05
Marcus Willis,4.52,5.16,6.45,8.39,18.71,36.84,12.26,27.59,4.55,36.92,30.32,40.22,37.9,62.1,0.61,0.62,16.77,0.0012896132242718689,99.97840984372644,0.002737818897341403,0.017562724151843852
Mardy Fish,6.79,4.23,8.14,7.33,24.62,46.7,14.63,38.4,13.02,35.13333333333333,29.336666666666662,42.52,39.4,60.6,0.67,0.38,12.4,0.0020334817064292347,95.84792325744942,0.0005665738616647136,4.149476686982408
Mariano Zabaleta,10.7,2.67,9.36,13.64,14.44,57.14,9.36,50.0,15.69,32.0,39.04,25.89,45.05,54.95,0.82,3.56,8.58,1.3124827094090964e-06,99.99956216846326,0.00040472275460399934,3.179629953255032e-05
Marin Cilic,8.17,3.38,9.81,8.08,11.42,59.82,7.85,41.12,16.29,34.45571428571428,35.198095238095235,38.38,48.02,51.98,0.99,1.65,13.42,8.102881826237233e-05,99.99928858889268,0.0006232062976917589,7.175991381155578e-06
Marinko Matosevic,3.28,3.02,9.1,11.21,8.59,48.52,4.08,56.49,10.15,24.0075,35.2975,44.16,43.35,56.65,0.84,0.88,10.78,1.8511908623947024e-05,57.89625511817369,42.10372633834571,3.1571971216572e-08
Mario Vilella Martinez,8.33,1.04,5.21,3.12,6.25,40.0,5.21,33.33,14.29,22.41,27.08,36.31,65.03,34.97,1.86,2.26,12.03,2.7482542348113485e-06,99.99998540106176,6.9094757717200584e-06,4.941208276159957e-06
Marius Copil,6.84,5.05,8.32,9.27,23.38,41.02,15.74,46.13,15.24,35.57833333333334,35.905,41.96,50.23,49.78,1.18,0.71,8.08,1.0749206490532497e-05,99.7560496304921,0.025108508833269805,0.21883111146805564
Mark Philippoussis,6.8,4.97,4.11,5.18,37.23,33.77,23.98,31.0,8.87,38.35,32.093333333333334,48.05,47.62,52.38,0.95,1.74,7.12,7.776540559341346e-11,0.02271493225406957,6.118635652307391e-10,99.9772850670563
Marsel Ilhan,0.0,1.2,22.89,7.23,7.23,0.0,6.02,50.0,20.0,14.29,45.78,28.8,27.5,72.5,0.38,1.63,25.2,99.99999809428888,1.905528845756586e-06,1.822225104147175e-10,1.3753041960962492e-15
Martin Klizan,7.08,3.18,10.19,8.68,9.66,58.06,5.61,38.34,13.11,26.749,35.803,34.12,50.5,49.5,1.16,0.92,7.44,0.0005569999612443044,99.99891841394427,0.0005233276922907257,1.2584022245677096e-06
Martin Redlicki,9.17,4.17,15.83,11.67,26.67,60.87,19.17,34.38,0.0,35.09,40.0,30.58,45.31,54.69,0.83,1.92,14.74,91.49300063475732,8.305130379169888,3.7683869325414814e-05,0.20183130220345546
Marton Fucsovics,7.06,3.18,9.43,8.04,10.83,57.99,7.7,35.11,10.68,26.49181818181818,31.480909090909087,29.57,47.81,52.19,0.95,2.31,10.37,0.003721794960308494,99.996154118085,9.960844154721006e-05,2.4478513205622105e-05
Mats Wilander,6.53,6.82,4.52,6.66,26.29,34.45,16.46,44.91,12.38,30.394,27.569333333333336,26.67,50.84,49.16,1.1,0.37,8.39,9.091738290736802e-07,72.76675718570692,0.004003251624723487,27.229238653494374
Matt Reid,4.58,1.83,11.04,9.12,9.04,0.0,2.06,85.0,18.83,24.58,35.835,35.06,33.9,66.1,0.56,1.77,16.14,2.4719357270133726e-05,19.18303661680993,80.81693865209732,1.1735447597348598e-08
Matteo Arnaldi,9.38,3.91,19.53,6.25,21.09,45.0,15.62,40.74,7.14,36.84,35.94,37.8,41.88,58.12,0.72,2.46,11.33,99.99603128333747,0.003966381716799369,2.0823236423804806e-09,2.3328632885356784e-06
Matteo Berrettini,8.1,2.13,11.41,5.63,11.06,68.09,7.44,46.63,14.1,33.325714285714284,32.998571428571424,44.33,45.84,54.16,0.89,1.14,11.18,0.0017166486006794442,99.99765483797411,0.0006170057741034397,1.150765119029259e-05
Matthias Bachinger,6.5,2.13,7.74,7.32,21.46,45.0,12.09,42.86,0.0,30.635,32.745,38.64,36.98,63.02,0.59,0.31,11.26,0.0003422289577531713,99.84902893388458,0.00048771307772053034,0.15014112407986677
Mauricio Echazu,6.96,3.48,22.61,11.3,6.96,100.0,4.35,37.5,0.0,26.67,37.39,28.92,32.84,67.16,0.49,0.46,14.16,99.99999781203609,2.185818034937837e-06,2.145910127797875e-09,5.238250686481318e-16
Maximilian Marterer,8.57,0.68,11.25,9.87,7.68,55.0,5.09,40.95,4.17,29.96,33.0,27.96,43.43,56.57,0.77,2.97,6.66,0.008395738404612536,99.9915595393985,4.34994194754683e-05,1.2227775846203455e-06
Maximo Gonzalez,8.41,6.54,2.8,10.28,9.35,66.67,5.61,50.0,11.11,26.56,28.04,24.43,61.34,38.66,1.59,1.49,10.4,7.946966884620197e-10,93.29146739661982,6.708531740678475,8.619069465035629e-07
Michael Berrer,6.9,4.2,6.42,5.99,14.65,57.58,8.95,40.92,14.49,33.31999999999999,27.602,32.7,46.17,53.83,0.95,0.48,8.31,3.9160607509077955e-06,99.9975906454183,0.0003986894273148834,0.002006749093714781
Michael Chang,8.05,4.87,6.41,6.86,13.97,46.78,8.82,49.2,11.76,33.241578947368424,27.065263157894744,37.71,49.45,50.55,1.0,2.02,7.55,2.2277131669198977e-06,99.9788472575023,0.020937899678911655,0.00021261510554008496
Michael Mmoh,3.55,1.96,8.05,7.57,7.72,84.85,4.27,52.13,7.21,17.189999999999998,29.85333333333333,36.35,44.97,55.03,0.88,1.53,10.84,5.0310315896729725e-05,99.08512105875369,0.9148280619747312,5.689556397963096e-07
Michael Stich,6.21,7.54,3.97,7.25,40.1,29.21,26.3,25.16,8.02,38.20272727272727,29.53909090909091,40.7,50.07,49.93,1.05,0.36,9.05,2.0303814472033865e-10,0.0012483990058455483,7.927417464096383e-10,99.99875159999837
Mikael Pernfors,9.36,6.02,7.54,6.25,15.15,59.54,10.7,34.48,16.36,36.995000000000005,28.435,33.68,52.83,47.17,1.16,1.88,14.29,9.688298454235494e-05,99.99861817918084,0.0002705089326107599,0.0010144289020001364
Mikael Ymer,6.23,7.56,5.86,6.12,7.4,69.44,4.97,36.25,8.62,27.32,23.025,30.13,57.68,42.32,1.6,0.0,5.51,0.00021499681791597262,99.35431563285141,0.6454677577161905,1.612614358080029e-06
Mikhail Kukushkin,6.04,2.7,10.13,7.39,6.64,57.62,4.02,43.1,8.95,24.0,34.08875,34.69,49.3,50.7,1.04,0.72,15.08,0.0021796477213708353,99.9845321195608,0.013288135927055363,9.679071820503939e-08
Mikhail Youzhny,6.96,4.06,6.52,11.98,11.24,49.81,8.54,46.7,9.67,27.825714285714287,35.40714285714286,32.06,49.48,50.52,1.15,0.54,8.83,5.351419035316953e-07,99.7945983048877,0.20539576289373024,5.397076756152802e-06
Milos Raonic,9.67,3.16,9.79,6.74,19.96,50.52,13.39,42.21,8.23,41.43634146341464,34.86731707317074,43.99,48.74,51.26,1.0,3.42,19.28,0.00036022066516367204,99.9899118689849,0.0005336901503625736,0.009194220199597633
Miomir Kecmanovic,7.24,2.88,4.32,4.42,8.95,69.73,6.55,42.0,14.14,24.43,26.232,40.33,50.09,49.91,1.02,1.63,8.99,7.102248250844051e-08,99.999750888519,0.0002331192696354466,1.5921188930970846e-05
Mirza Basic,6.75,2.84,6.81,7.19,11.53,62.08,7.57,41.94,14.6,26.75,32.14,34.32,52.46,47.54,1.11,1.13,10.07,4.4612527007550857e-07,99.99945738692898,0.0005097324541915903,3.243449146560449e-05
Mischa Zverev,7.55,3.68,5.83,8.47,37.58,23.14,22.66,48.62,8.28,30.47833333333333,33.251666666666665,40.38,42.38,57.62,0.81,0.1,6.99,2.205074340375672e-09,0.034632874260057435,1.3734463868844988e-07,99.96536698619025
Mitchell Krueger,1.01,1.01,17.17,3.03,12.12,16.67,6.06,66.67,0.0,5.56,32.32,33.82,30.37,69.63,0.44,12.15,25.23,99.99977930854963,0.00021497659670254783,5.714850505561414e-06,3.4852427339677754e-12
Nick Kyrgios,6.38,3.69,7.5,7.06,8.56,51.03,5.44,46.38,12.31,37.63137931034482,32.13413793103448,44.91,47.15,52.85,0.95,1.48,10.33,5.723488224741888e-07,99.96797211947099,0.03202680624172998,5.019384605623494e-07
Nicolas Almagro,9.57,4.68,11.0,10.63,8.58,67.55,5.34,51.51,9.98,40.23222222222223,36.24222222222223,30.1,45.13,54.87,0.85,1.69,10.01,4.093967729596853e-05,99.9323592426036,0.06759971750732985,1.0021179158422734e-07
Nicolas Escude,3.01,5.25,8.58,12.04,11.41,32.92,7.04,54.32,12.28,24.44,36.375,29.81,42.21,57.79,0.74,0.72,4.78,1.2679174920628009e-05,95.52467083988311,4.475314886763531,1.5941785089806531e-06
Nicolas Jarry,9.27,2.66,11.17,8.07,15.93,42.71,10.77,45.9,4.44,34.95666666666667,39.52666666666666,41.98,44.32,55.68,0.85,1.32,15.61,0.002576236772387311,99.99628779081233,0.0010433574268708923,9.261498846646552e-05
Nicolas Kiefer,5.45,1.44,14.13,4.74,17.07,40.15,10.08,35.13,0.0,30.236666666666668,32.59,38.04,32.13,67.87,0.48,1.18,10.62,95.93181445498215,4.06780703420558,4.459865111268157e-07,0.00037806482576676205
Nicolas Mahut,8.0,6.02,5.68,5.09,37.54,36.85,28.13,37.6,14.44,40.745,28.97,34.75,57.76,42.24,1.4,1.23,11.34,7.20310871046387e-11,0.001043658202518326,5.155022413336092e-10,99.99895634120988
Nicolas Massu,6.57,2.52,11.38,7.18,8.51,63.08,5.6,36.47,10.0,31.19,31.01,34.33,39.69,60.31,0.66,1.99,14.89,0.24723680760455127,99.75248043055328,0.0002801453876860758,2.6164543892793497e-06
Nikola Milojevic,5.03,6.46,7.62,10.68,8.23,47.72,6.6,46.71,0.0,27.845,33.379999999999995,34.03,61.84,38.16,1.82,1.12,14.95,6.470441872091125e-06,3.254639159270835,96.74535436836553,1.9216071890669213e-09
Nikolay Davydenko,6.97,4.72,8.71,7.42,9.95,58.44,6.73,44.47,11.99,28.97153846153846,33.90769230769231,31.21,51.83,48.17,1.17,1.32,8.49,2.3274309664421077e-05,99.99291558540398,0.007059144251915963,1.9960345200560976e-06
Nikoloz Basilashvili,8.21,3.79,12.45,7.37,5.87,59.23,3.83,43.19,12.63,33.42545454545455,37.62909090909091,39.25,53.57,46.43,1.2,1.66,13.54,0.003113921865049332,99.98994511338685,0.006940957261755488,7.486313968154833e-09
Noah Rubin,5.94,2.97,8.91,4.95,10.89,33.33,8.91,54.55,22.22,27.5,34.65,33.87,36.91,63.09,0.59,1.14,10.8,2.9193357059914238e-05,99.99975145056632,0.00017660710069059463,4.274897598093606e-05
Norbert Gombos,7.02,1.75,10.53,4.39,3.51,100.0,1.75,50.0,0.0,23.08,31.58,38.68,51.76,48.24,1.07,0.47,6.05,0.0001918359594774227,99.98402425473543,0.015783900843044207,8.462036198127203e-09
Novak Djokovic,7.93,4.1,7.58,7.9,11.56,55.27,8.01,45.17,11.59,28.40576923076923,34.14119658119658,33.94,54.88,45.12,1.31,1.12,10.97,2.818025569620951e-06,99.9902651119707,0.009723772210153123,8.297793585472749e-06
Oscar Otte,10.26,5.77,6.41,6.41,20.51,80.95,13.46,34.38,15.38,45.71,23.72,43.59,51.4,48.6,1.06,1.05,8.42,3.419586560702747e-06,99.68577850968556,0.00036047258033551735,0.3138575981474994
Pablo Andujar,10.4,5.25,8.19,4.56,13.19,61.05,9.97,38.12,16.71,33.556666666666665,27.263333333333332,28.2,51.7,48.3,1.12,0.85,10.57,0.0003022903715791013,99.99873643595096,1.6179050811573237e-05,0.0009450946267410136
Pablo Carreno Busta,9.77,3.2,7.67,7.69,7.42,65.22,4.98,47.95,12.1,30.82454545454545,31.972727272727276,30.93,50.75,49.25,1.07,1.82,10.75,9.433971223744258e-07,99.9986589807552,0.0013396855824517476,3.9026517729016346e-07
Pablo Cuevas,6.09,3.14,7.78,4.69,7.2,57.98,5.21,47.86,25.1,24.745,34.10999999999999,36.7,52.06,47.94,1.12,1.68,13.84,3.583647871976473e-07,99.9994422853549,0.0005569619309427737,3.943493922156971e-07
Paolo Lorenzi,4.76,4.58,7.07,6.09,10.87,49.84,7.83,48.29,9.52,29.89,25.05666666666667,47.42,54.59,45.41,1.26,0.42,11.22,5.8457548428701046e-05,91.76490526031857,8.235019584585144,1.6697547715371212e-05
Pat Cash,8.58,7.11,3.89,6.59,46.28,28.63,32.46,26.62,7.98,34.64666666666667,31.07333333333333,35.37,52.64,47.36,1.14,0.4,9.08,2.698330538555027e-13,1.1967554307620343e-06,1.2677466878999716e-14,99.99999880324425
Patrick Rafter,8.62,6.38,4.14,5.97,50.35,33.08,31.99,26.6,10.74,38.34684210526316,29.02157894736841,44.09,53.26,46.74,1.22,0.6,5.87,8.316574030337739e-15,5.92907542579737e-08,4.827245417440153e-16,99.9999999407093
Paul Henri Mathieu,6.24,5.83,7.01,10.38,6.41,54.17,4.49,44.44,17.39,31.03,34.89666666666667,43.5,45.72,54.28,0.85,2.83,13.27,7.310442738611979e-07,99.48800583313206,0.5119934292653243,6.558203087691629e-09
Pedja Krstin,2.73,3.64,3.64,6.36,5.45,50.0,3.64,66.67,0.0,18.03,24.55,31.88,56.36,43.64,1.29,0.73,9.12,3.8440531172279953e-10,4.093036309290771,95.90696368441549,5.9092555549090975e-09
Pedro Cachin,7.23,3.5,6.67,8.55,8.65,68.34,7.16,43.56,11.69,26.215,30.355,35.82,53.63,46.37,1.27,0.76,7.04,1.5868547210327336e-06,99.98120442093892,0.01879077147678008,3.220729586852343e-06
Pedro Martinez,7.98,1.84,9.2,7.98,14.11,29.41,10.43,47.83,11.76,22.67,30.67,33.46,45.91,54.09,0.85,2.62,16.85,0.010391640220759515,99.98800979632404,0.0010131852278660398,0.0005853782273433013
Pedro Sousa,10.0,8.0,14.0,12.0,10.0,100.0,5.0,40.0,14.29,48.78,36.0,21.18,46.23,53.77,0.86,0.0,5.63,0.004533931150836703,99.96580744539607,0.029658431350808517,1.9210230814234464e-07
Pete Sampras,8.53,5.93,5.27,6.7,35.56,33.07,24.48,28.58,13.52,41.07402173913047,30.772391304347817,44.96,53.27,46.73,1.19,1.93,9.22,3.918546832343812e-09,0.0660321597913059,4.52778107062353e-09,99.93396783176242
Peter Gojowczyk,7.19,4.06,10.28,6.98,9.01,52.84,6.44,47.92,7.16,33.5225,34.122499999999995,41.96,48.34,51.66,1.0,0.74,9.08,0.00038148316031728436,99.94992092680022,0.04969713465468978,4.5538483698805685e-07
Petr Korda,11.53,5.18,10.78,9.39,18.25,53.71,10.73,46.25,17.95,37.934000000000005,35.528,29.33,54.76,45.24,1.29,0.94,10.14,0.0001502024422047212,99.99768481268356,0.0009196524715963464,0.0012453324026840376
Philipp Kohlschreiber,8.13,4.41,7.95,7.23,7.54,73.21,4.96,36.96,12.01,30.23,31.94346153846153,37.6,49.7,50.3,1.06,1.65,12.46,3.143087683482263e-05,99.99837454810002,0.0015937940923509352,2.2693073763921498e-07
Pierre Hugues Herbert,8.78,4.14,7.52,5.51,20.47,58.99,14.18,27.61,25.98,38.9975,28.635,40.24,52.08,47.92,1.22,1.12,9.83,3.1150706826333965e-05,99.04394165336906,7.331422654324541e-07,0.956026462781848
Prajnesh Gunneswaran,8.7,1.27,10.26,4.78,8.52,46.66,4.86,58.93,9.47,26.59,28.57,48.19,47.92,52.08,0.92,1.37,17.36,0.0032179821356039646,99.87762725045228,0.11915397588243867,7.915295186870295e-07
Radek Stepanek,8.2,4.4,6.01,7.96,31.68,45.71,19.38,42.77,10.51,33.854,32.721999999999994,35.32,45.61,54.39,0.86,0.24,9.24,8.109290462092468e-08,5.266817255887303,5.722691590892706e-06,94.73317694032815
Radu Albot,5.89,2.29,7.46,7.69,13.38,47.21,9.84,52.37,9.68,20.10666666666667,31.175,31.51,49.7,50.3,1.07,2.24,12.07,3.2976275551279816e-05,99.9716130753479,0.028108208571149446,0.00024573980536794434
Rafael Nadal,9.14,3.36,7.13,5.71,8.46,63.11,6.4,38.66,15.2,26.969439655172412,30.322025862068976,29.73,55.3,44.7,1.35,2.68,10.35,7.148483335567164e-06,99.99995022816618,3.813567716536709e-05,4.4876733199742816e-06
Reilly Opelka,7.52,4.36,9.27,5.65,8.76,68.29,5.76,37.87,15.7,51.215,29.86,70.18,45.98,54.02,0.88,1.28,17.47,3.618183649825255e-05,99.83087747658679,0.16908616825101877,1.7332561537430252e-07
Renzo Olivo,4.37,2.48,14.16,8.63,6.1,40.0,3.28,60.84,2.63,17.189999999999998,37.64,23.93,42.51,57.49,0.75,2.48,14.72,3.084981374282711,95.08962559466538,1.8253930208783398,1.017345571792711e-08
Ricardas Berankis,9.32,3.74,7.76,9.84,14.52,52.02,8.92,56.36,6.67,32.704,34.646,33.44,54.51,45.49,1.25,0.81,11.52,3.6772997400267385e-07,99.50531327089912,0.49465088908894755,3.5472281985664225e-05
Ricardo Hocevar,4.76,2.86,11.43,10.48,4.76,66.67,2.86,40.0,28.57,20.0,28.57,32.51,40.91,59.09,0.69,1.77,12.39,0.21646801493873927,99.77726033985817,0.0062715243253202765,1.2087783381146175e-07
Richard Gasquet,5.28,4.74,5.98,6.72,11.49,55.39,7.39,42.09,12.71,27.090909090909086,27.260606060606055,34.42,47.34,52.66,1.0,0.18,6.57,6.440908294175002e-06,99.98796653425626,0.011953840335073239,7.318450041037938e-05
Richard Krajicek,9.99,6.14,4.51,5.5,44.04,35.27,29.0,26.28,8.73,47.06666666666667,26.85333333333333,49.69,53.73,46.27,1.2,3.07,11.17,4.0967602426864185e-12,2.3304114696026435e-05,6.927740513046336e-13,99.99997669588053
Roberto Bautista Agut,9.0,2.13,6.89,7.17,8.89,60.28,6.56,41.21,14.16,26.438888888888886,29.78055555555555,38.83,49.61,50.39,1.07,2.49,12.39,8.890997415518834e-06,99.99978197116609,0.00020449665241409267,4.641184082543047e-06
Robin Haase,7.17,3.57,7.48,6.98,10.18,62.59,7.44,36.58,10.64,31.204375,30.474375,35.98,47.45,52.55,0.98,1.3,13.78,5.474125907733881e-05,99.99916074653677,0.0007714850737623771,1.3027130371713685e-05
Robin Soderling,8.52,3.76,10.22,8.89,13.38,68.29,8.72,44.07,15.29,33.24333333333334,38.25666666666667,29.2,47.7,52.3,1.0,1.8,15.39,4.736622540152241e-05,99.99914535799562,0.0007877278690949768,1.9547909830705666e-05
Roger Federer,9.49,4.58,8.26,7.4,16.6,55.22,11.81,38.83,15.65,35.10794444444445,34.06447222222224,38.31,54.21,45.79,1.26,2.16,10.35,1.182136265135466e-05,99.99877157674152,0.00016705410098176687,0.0010495477949068865
Ruben Ramirez Hidalgo,8.26,1.83,12.84,11.93,4.59,100.0,2.75,40.0,11.11,37.21,36.7,21.08,41.41,58.59,0.71,0.81,6.45,0.0004852760677995796,99.99931229048902,0.00020239988432048628,3.355902441911393e-08
Ryan Harrison,3.44,3.37,7.68,3.81,7.14,57.5,3.1,73.22,4.35,29.19,25.255000000000003,48.08,48.63,51.37,0.96,1.62,14.5,2.654033493422401e-08,1.2780528249265666,98.72194714736257,1.1706018082992332e-09
Sam Querrey,7.02,3.12,7.89,6.29,9.63,60.01,5.35,48.7,8.87,39.313750000000006,32.4275,52.1,44.54,55.46,0.82,1.6,10.53,6.270183497218959e-07,99.95893273177575,0.04106608165397344,5.595519478946337e-07
Samuel Groth,4.81,3.8,4.6,2.64,45.39,25.14,30.55,25.34,1.08,38.38,31.095,54.76,43.72,56.28,0.78,0.0,8.3,7.536978848371709e-13,1.6969525567544394e-06,4.034546007870924e-15,99.99999830304668
Sanam Singh,4.71,3.53,8.24,8.24,12.94,60.0,5.88,45.45,5.0,28.57,31.76,37.26,29.79,70.21,0.42,0.0,14.63,0.002508666411658703,99.90048205374359,0.09698351621958144,2.57636250661046e-05
Santiago Giraldo,5.36,4.76,10.78,10.68,6.02,27.78,3.32,39.16,0.0,24.385,36.76,21.9,49.44,50.56,1.05,1.94,13.08,0.07719030905755642,99.83495426716941,0.0878554135311273,1.0241921367406898e-08
Scott Griekspoor,2.33,4.65,12.79,11.63,10.47,50.0,4.65,77.78,0.0,22.58,38.37,34.52,39.78,60.22,0.66,0.44,9.21,1.5165692494750444e-06,0.03385513883298067,99.9661433445889,8.85901196793667e-12
Sebastian Baez,10.74,4.43,8.66,7.6,7.63,64.02,5.69,35.19,15.91,30.836666666666662,31.92333333333333,27.14,55.69,44.31,1.28,4.98,7.77,3.954533405343454e-05,99.99995106904566,8.928189647244435e-06,4.574306357944792e-07
Sebastien Grosjean,9.3,2.98,9.64,6.33,14.96,54.65,8.96,46.64,4.39,33.99,30.4225,37.04,47.78,52.22,0.94,3.83,16.06,0.002190661984602316,99.99506607942465,0.0025582305463713105,0.00018502804444392386
Sergi Bruguera,7.42,5.03,5.93,8.17,10.3,52.08,6.95,45.61,12.29,29.740909090909096,28.019090909090902,27.83,49.04,50.96,1.0,1.83,10.13,1.5778486087825688e-06,99.98342542296852,0.016560992650949912,1.2006531997721048e-05
Sergiy Stakhovsky,5.56,4.93,8.49,8.53,25.65,43.35,17.41,34.67,12.16,32.157777777777774,31.51777777777778,38.24,47.53,52.47,0.97,0.44,8.63,0.0021178246793461942,87.17524845065842,0.0007586807985908223,12.821875043863724
Simone Bolelli,7.58,2.18,13.64,6.85,7.28,57.5,4.06,43.75,15.38,30.47,37.45,43.97,46.24,53.76,0.86,0.84,15.6,0.0778736431656847,99.92107532326212,0.001050985916047167,4.7656185386516205e-08
Sjeng Schalken,5.04,5.9,5.62,5.76,10.11,36.09,6.53,42.19,8.6,22.0,21.96,45.14,50.75,49.25,1.04,0.74,8.98,0.0007575724729412156,99.16358727172067,0.835644712487765,1.0443318776489443e-05
Slobodan Zivojinovic,8.36,5.47,6.11,2.57,36.01,31.75,20.26,31.25,7.58,39.74,28.94,42.16,47.08,52.92,0.89,0.0,15.27,1.462857332790438e-07,0.08252741321487246,1.7559505331093076e-09,99.91747243874346
Soon Woo Kwon,10.59,2.35,13.53,7.06,12.94,60.0,8.82,45.45,18.18,31.25,30.59,32.2,43.71,56.29,0.78,0.28,11.91,1.8664411712408795,98.13321836144794,3.440339244820781e-05,0.0003060639189009728
Stan Wawrinka,8.44,4.71,9.35,8.56,10.12,61.12,6.78,41.34,11.26,33.96,33.524545454545446,34.63,49.3,50.7,1.01,1.07,8.56,7.564469418300559e-05,99.99704224315066,0.0028802988994318106,1.8132557760061462e-06
Stefan Edberg,8.87,7.41,4.9,6.31,52.15,34.08,33.29,30.15,12.3,35.690571428571424,31.68300000000001,34.72,53.59,46.41,1.21,0.23,7.27,5.0951245476262984e-15,1.991364436618115e-08,1.870595664274517e-16,99.99999998008633
Stefano Napolitano,12.0,4.0,5.0,6.0,19.0,61.54,13.0,52.63,12.2,33.33,31.0,40.86,60.19,39.81,1.51,4.76,8.57,4.378012974266938e-09,99.99213577447297,0.0012034968749848331,0.006660724274184672
Stefanos Tsitsipas,8.03,2.72,9.0,6.6,15.36,50.22,10.22,49.66,6.59,31.48300000000001,32.083000000000006,50.42,47.48,52.52,0.97,2.38,9.24,0.000172764154388933,99.98510663726437,0.014529300089973928,0.00019129849119590476
Stephane Robert,11.11,4.27,7.69,5.98,11.97,40.0,4.27,57.14,14.29,35.29,26.5,28.24,43.65,56.35,0.77,0.0,10.53,7.592773343842206e-06,99.99740597633331,0.0025562454629678446,3.0185430476096596e-05
Steve Johnson,8.91,3.02,7.71,4.82,9.93,60.04,7.28,43.3,6.91,33.135555555555555,30.492222222222225,35.43,50.24,49.76,1.1,3.46,11.4,1.3990306554714896e-05,99.9997841203379,0.00019352619002304403,8.363165503227592e-06
Tallon Griekspoor,8.85,2.96,9.6,8.94,17.86,52.37,11.6,48.91,12.81,34.97,35.03166666666666,39.59,48.86,51.14,0.98,2.86,11.35,2.607062867584754e-05,99.99607284485093,0.0025174756814067096,0.001383608839029045
Taro Daniel,4.26,2.09,5.86,7.9,9.8,26.78,6.92,55.73,6.25,17.785,25.86,37.28,46.29,53.71,0.9,0.46,7.73,2.244165526261442e-05,99.09012300177355,0.9098297102040138,2.4846367180021365e-05
Taylor Fritz,6.34,3.56,10.15,5.84,12.11,59.01,8.13,41.26,6.67,32.27666666666667,31.525,40.69,45.92,54.08,0.86,0.79,9.15,0.0031502612766516848,99.99477027215124,0.002045571804418334,3.389476767780003e-05
Tennys Sandgren,6.57,4.97,8.94,7.96,9.41,56.4,5.74,49.37,17.31,33.02166666666667,32.403333333333336,33.0,48.83,51.17,1.02,1.0,8.45,7.864044667155523e-06,99.94958082526308,0.05041015589955346,1.1547926772169507e-06
Teymuraz Gabashvili,11.28,3.97,9.85,9.16,15.59,58.73,9.96,44.14,8.71,37.1575,31.51,26.33,48.82,51.18,0.98,1.25,10.61,0.0004871110000415632,99.99834338848106,0.00036007627974682274,0.0008094242391188922
Thanasi Kokkinakis,9.32,2.23,9.31,7.21,7.71,62.78,4.39,45.28,7.04,33.973333333333336,31.836666666666662,38.77,41.92,58.08,0.75,3.73,15.97,0.0003285076604503533,99.99844897604885,0.001222293269851105,2.2302084413993637e-07
Thiago Monteiro,3.72,2.86,8.26,5.24,7.24,58.34,4.04,55.84,0.0,18.075,31.125,24.16,52.64,47.36,1.14,2.5,9.05,2.941291917824823e-05,99.67271272099332,0.3272575315928199,3.3449451934942884e-07
Thiemo De Bakker,6.67,5.93,9.84,8.5,14.33,43.96,9.41,47.26,21.79,36.935,34.605000000000004,38.94,46.5,53.5,0.88,0.18,12.36,6.352671793346019e-05,99.95239373255775,0.04749841704416547,4.432368020476943e-05
Thomas Enqvist,6.92,4.95,6.72,9.29,7.89,47.5,4.37,54.69,10.56,40.1875,34.025000000000006,38.21,54.31,45.69,1.39,1.13,9.42,9.215827444211292e-09,89.68613051519829,10.313869424971154,5.061487790562259e-08
Thomas Fabbiano,10.47,2.1,9.51,8.19,9.14,67.78,6.29,43.92,18.38,26.035,33.504999999999995,33.15,60.35,39.65,1.53,1.48,15.31,4.577355177318848e-05,99.99921461392887,0.0007378035019016419,1.809017416066853e-06
Thomas Johansson,6.17,6.01,6.74,7.47,13.81,47.19,9.9,50.89,16.08,37.37666666666667,32.88666666666666,44.45,50.64,49.36,1.03,1.11,9.4,6.921028373753188e-08,99.54846203793338,0.4515090758717928,2.8816984637655823e-05
Thomas Muster,8.02,3.53,7.15,7.16,10.29,47.74,7.13,47.37,13.2,24.797,32.557,27.18,52.5,47.5,1.15,4.03,9.5,1.8907759070660801e-06,99.99950895670759,0.000483605350594982,5.54716598511024e-06
Thomaz Bellucci,7.31,2.56,10.82,8.71,10.26,54.86,7.42,40.44,10.87,26.255,37.4075,38.6,43.92,56.08,0.79,1.49,9.96,0.0026954595089608317,99.99707233795293,0.00023033686290592685,1.8656751493525607e-06
Tim Henman,5.68,3.65,7.69,7.72,39.98,23.82,22.97,38.21,11.2,23.796666666666667,36.14888888888888,42.54,43.55,56.45,0.84,2.12,9.27,2.358495137635986e-07,0.015430955836308208,2.630860538931573e-09,99.98456880568321
Tim Smyczek,5.79,2.52,11.38,8.43,6.95,49.17,5.06,37.38,9.71,21.116666666666667,32.75666666666667,26.46,49.56,50.44,0.99,0.8,15.06,0.27154419314187733,99.72716799283616,0.0012872541695343514,5.598523203991814e-07
Tobias Kamke,6.77,6.25,8.33,6.77,9.38,64.29,7.29,38.89,13.64,31.46,31.77,32.02,47.07,52.93,0.89,0.92,7.6,5.8160769060571044e-05,99.99824503311774,0.0016943434745591587,2.462638732255937e-06
Todd Martin,7.28,5.8,5.72,6.28,34.27,27.47,21.12,36.35,7.72,37.30428571428571,30.087142857142855,38.14,49.75,50.25,1.01,0.77,10.56,9.042264987970575e-08,0.4385413697166255,6.09025136926481e-07,99.56145793083559
Todd Woodbridge,6.74,3.57,7.04,9.82,21.34,38.31,13.08,41.7,7.0,27.85666666666667,36.68333333333334,40.1,48.33,51.67,0.94,1.46,15.19,8.715174921487067e-06,99.97963152146166,0.0063668400495712945,0.0139929233138739
Tomas Berdych,8.86,3.29,9.07,6.52,11.72,64.52,7.72,40.86,11.68,34.334042553191495,32.02574468085106,38.0,48.14,51.86,0.98,1.85,13.25,0.00010999992383422626,99.99954822553077,0.00032197137218185787,1.980317320345545e-05
Tommy Haas,5.84,4.46,8.94,8.53,12.23,62.68,7.15,41.06,9.57,30.944615384615386,33.88153846153846,34.8,43.71,56.29,0.81,1.65,8.69,0.00010744275254051666,99.99378726884859,0.006095811112154412,9.47728665983125e-06
Tommy Paul,6.37,4.1,10.49,6.73,10.94,58.46,7.84,42.78,12.42,27.117500000000003,33.58,33.99,50.18,49.82,1.03,1.26,10.5,0.0023646230954337192,99.99491445577065,0.0027132695739077407,7.651559977546887e-06
Tommy Robredo,6.51,2.58,8.29,5.57,6.7,64.16,5.07,39.48,10.54,25.18,27.381,38.61,45.85,54.15,0.91,3.26,14.82,0.0023007922759020367,99.99633457723291,0.0013637830701334073,8.474210783297456e-07
Ty Trombetta,5.08,5.08,9.32,16.1,7.63,57.14,5.93,55.56,0.0,31.48,38.98,37.27,44.14,55.86,0.79,0.42,10.59,2.621305518387116e-07,2.3710007023187836,97.62899903543487,1.1575703525118634e-10
Uladzimir Ignatik,3.85,5.13,12.82,12.82,11.54,44.44,5.77,50.0,0.0,38.03,39.1,40.26,33.62,66.38,0.51,0.0,11.37,0.06633311973367312,48.09814542384674,51.83552137857439,7.784522607857271e-08
Ulises Blanch,12.61,7.21,9.91,2.7,11.71,90.0,9.01,30.77,16.67,50.77,28.83,40.46,61.11,38.89,1.57,1.88,8.12,8.867593722025338e-05,99.99986182926281,2.0108713500995335e-05,2.938608631039036e-05
Victor Estrella,7.73,1.08,11.21,4.99,5.93,86.67,3.52,38.89,10.23,24.293333333333333,30.706666666666663,35.55,48.01,51.99,1.0,1.08,14.08,0.027144330661081857,99.97276317986899,9.211199090511108e-05,3.774790420676544e-07
Viktor Troicki,4.19,4.2,9.73,12.75,13.57,44.98,8.49,46.17,7.66,32.37500000000001,36.14833333333333,34.1,37.71,62.29,0.62,0.42,10.37,0.0006522401312422855,98.93982889537621,1.0595013616038893,1.7502888703159744e-05
Vincent Millot,10.0,2.0,16.0,11.0,10.0,71.43,7.0,50.0,0.0,31.71,43.0,39.0,40.11,59.89,0.67,0.46,13.36,4.349947548152651,95.63252008885603,0.017532271589208254,9.140209990867766e-08
Vladimir Ivanov,10.52,3.34,6.98,9.1,8.53,60.76,7.57,40.3,3.57,30.9175,33.0325,27.96,59.18,40.83,1.78,1.46,7.58,7.783304251841232e-06,99.99609089998545,0.003898784510220755,2.5322001257197976e-06
Vladimir Voltchkov,7.02,3.51,4.68,4.09,18.13,38.89,10.53,51.61,6.56,38.36,26.9,52.24,44.12,55.88,0.79,4.55,19.09,2.716298751938297e-07,99.92820436068884,0.06892156707349212,0.0028738006076670175
Wally Masur,6.0,3.0,6.0,5.0,38.0,30.0,20.0,47.37,14.29,33.33,26.0,30.71,46.63,53.37,0.87,4.14,10.06,3.0772654968227834e-10,0.005009070092239602,1.1544801571312372e-09,99.99499092844543
Wayne Ferreira,6.26,3.75,7.93,10.85,15.37,37.03,10.02,35.3,3.59,33.5,35.660000000000004,34.21,42.75,57.25,0.78,2.36,10.25,0.00010348795128153447,99.99846386406576,0.0012522143335125877,0.00018043364950459304
Xavier Malisse,7.31,2.69,10.0,7.69,11.92,57.89,7.31,61.29,11.63,39.84,31.92,29.98,42.34,57.66,0.73,1.72,6.88,2.680754952479976e-06,99.96493161617748,0.035032338692616474,3.336437487604046e-05
Yannick Mertens,6.03,2.24,8.88,8.78,4.2,30.0,3.03,53.34,26.66,18.6,37.05,40.54,51.28,48.72,1.12,0.66,5.01,1.082905654961091e-06,99.99538080021321,0.004618108879577762,8.00161829073589e-09
Yasutaka Uchiyama,4.89,1.63,8.15,3.26,5.43,33.33,3.26,60.0,4.0,26.67,25.54,43.98,47.67,52.33,0.91,2.78,10.0,7.35518022840692e-05,99.59075666756391,0.40916959597794,1.8465591366386846e-07
Yevgeny Kafelnikov,6.15,3.85,6.71,9.32,15.41,55.66,9.39,45.83,13.36,30.674,31.354666666666667,33.52,47.62,52.38,0.98,0.8,8.47,8.138469678402922e-07,99.98133648162305,0.018013503406694855,0.0006492011232492185
Yuichi Ito,3.7,2.47,12.35,7.41,16.05,42.86,8.64,46.15,11.11,21.43,33.33,18.06,33.14,66.86,0.5,0.0,7.69,2.6332949213912094,97.36097368153946,0.0001675042768190585,0.005563892792633037
Yuichi Sugita,4.82,2.41,3.61,8.43,6.02,100.0,3.61,40.0,0.0,17.86,31.33,23.07,57.46,42.54,1.35,1.44,6.73,1.0430119852286006e-09,99.98542975739933,0.014570005996851546,2.3556069153785906e-07
Ze Zhang,6.58,3.4,13.86,9.63,8.3,76.39,6.67,23.34,0.0,32.93,33.43,34.67,37.11,62.89,0.6,0.76,11.51,83.84685029687806,16.153116822726794,3.2669814927906645e-05,2.1058009656736075e-07
